#qseqid	sacc	pident	length	mismatch	gapopen	qstart	qend	sstart	send	evalue	bitscore	sstrand
sRNA-MIMAT0000177	NC_000913.3	100.000	13	0	0	3	15	155743	155755	0.63	25.1	-
sRNA-MIMAT0000177	NC_000913.3	100.000	12	0	0	3	14	1603436	1603447	2.3	23.3	+
sRNA-MIMAT0000177	NC_000913.3	93.333	15	1	0	3	17	3952228	3952242	2.3	23.3	-
sRNA-MIMAT0000177	NC_000913.3	100.000	11	0	0	3	13	749999	750009	8.2	21.4	-
sRNA-MIMAT0000177	NC_000913.3	100.000	11	0	0	3	13	1154577	1154587	8.2	21.4	+
sRNA-MIMAT0000177	NC_000913.3	100.000	11	0	0	3	13	1157556	1157566	8.2	21.4	-
sRNA-MIMAT0000177	NC_000913.3	100.000	11	0	0	5	15	1696812	1696822	8.2	21.4	-
sRNA-MIMAT0000177	NC_000913.3	88.235	17	2	0	4	20	1698912	1698928	8.2	21.4	-
sRNA-MIMAT0000177	NC_000913.3	93.333	15	0	1	1	14	1848521	1848535	8.2	21.4	-
sRNA-MIMAT0000177	NC_000913.3	100.000	11	0	0	4	14	2012988	2012998	8.2	21.4	-
sRNA-MIMAT0000177	NC_000913.3	100.000	11	0	0	8	18	2380243	2380253	8.2	21.4	+
sRNA-MIMAT0000177	NC_000913.3	100.000	11	0	0	2	12	2632382	2632392	8.2	21.4	+
sRNA-MIMAT0000177	NC_000913.3	100.000	11	0	0	4	14	3267886	3267896	8.2	21.4	-
sRNA-MIMAT0000177	NC_000913.3	92.857	14	1	0	2	15	3700687	3700700	8.2	21.4	+
sRNA-MIMAT0000177	NC_000913.3	100.000	11	0	0	2	12	3750050	3750060	8.2	21.4	+
sRNA-MIMAT0000177	NC_000913.3	88.889	18	0	2	3	19	4225032	4225048	8.2	21.4	+
sRNA-MIMAT0000177	NC_000913.3	100.000	11	0	0	3	13	4488704	4488714	8.2	21.4	-
sRNA-MIMAT0000177	NC_000913.3	100.000	10	0	0	10	19	16160	16169	29	19.6	-
sRNA-MIMAT0000177	NC_000913.3	92.857	14	0	1	8	20	44165	44178	29	19.6	+
sRNA-MIMAT0000177	NC_000913.3	100.000	10	0	0	4	13	73185	73194	29	19.6	-
sRNA-MIMAT0000177	NC_000913.3	92.857	14	0	1	1	14	185991	186003	29	19.6	+
sRNA-MIMAT0000177	NC_000913.3	100.000	10	0	0	3	12	188416	188425	29	19.6	-
sRNA-MIMAT0000177	NC_000913.3	100.000	10	0	0	3	12	212850	212859	29	19.6	+
sRNA-MIMAT0000177	NC_000913.3	100.000	10	0	0	3	12	374072	374081	29	19.6	+
sRNA-MIMAT0000177	NC_000913.3	100.000	10	0	0	6	15	574271	574280	29	19.6	+
sRNA-MIMAT0000177	NC_000913.3	100.000	10	0	0	10	19	608780	608789	29	19.6	-
sRNA-MIMAT0000177	NC_000913.3	92.308	13	1	0	3	15	625118	625130	29	19.6	-
sRNA-MIMAT0000177	NC_000913.3	100.000	10	0	0	6	15	691439	691448	29	19.6	-
sRNA-MIMAT0000177	NC_000913.3	100.000	10	0	0	1	10	707249	707258	29	19.6	+
sRNA-MIMAT0000177	NC_000913.3	100.000	10	0	0	3	12	743259	743268	29	19.6	+
sRNA-MIMAT0000177	NC_000913.3	92.308	13	1	0	5	17	843039	843051	29	19.6	+
sRNA-MIMAT0000177	NC_000913.3	100.000	10	0	0	3	12	1283266	1283275	29	19.6	+
sRNA-MIMAT0000177	NC_000913.3	100.000	10	0	0	3	12	1487586	1487595	29	19.6	+
sRNA-MIMAT0000177	NC_000913.3	100.000	10	0	0	5	14	1507500	1507509	29	19.6	+
sRNA-MIMAT0000177	NC_000913.3	92.308	13	1	0	5	17	1517689	1517701	29	19.6	+
sRNA-MIMAT0000177	NC_000913.3	92.857	14	0	1	2	14	1552108	1552121	29	19.6	-
sRNA-MIMAT0000177	NC_000913.3	92.857	14	0	1	2	14	1552286	1552299	29	19.6	-
sRNA-MIMAT0000177	NC_000913.3	92.857	14	0	1	1	13	1643042	1643055	29	19.6	-
sRNA-MIMAT0000177	NC_000913.3	100.000	10	0	0	4	13	1691761	1691770	29	19.6	-
sRNA-MIMAT0000177	NC_000913.3	88.235	17	1	1	2	18	1758340	1758355	29	19.6	-
sRNA-MIMAT0000177	NC_000913.3	92.308	13	1	0	1	13	1805420	1805432	29	19.6	-
sRNA-MIMAT0000177	NC_000913.3	100.000	10	0	0	3	12	1926306	1926315	29	19.6	+
sRNA-MIMAT0000177	NC_000913.3	100.000	10	0	0	4	13	2110269	2110278	29	19.6	-
sRNA-MIMAT0000177	NC_000913.3	100.000	10	0	0	1	10	2246963	2246972	29	19.6	-
sRNA-MIMAT0000177	NC_000913.3	92.857	14	0	1	1	13	2359605	2359618	29	19.6	-
sRNA-MIMAT0000177	NC_000913.3	92.308	13	1	0	9	21	2371666	2371678	29	19.6	-
sRNA-MIMAT0000177	NC_000913.3	100.000	10	0	0	3	12	2452138	2452147	29	19.6	-
sRNA-MIMAT0000177	NC_000913.3	100.000	10	0	0	3	12	2474443	2474452	29	19.6	+
sRNA-MIMAT0000177	NC_000913.3	100.000	10	0	0	10	19	2515046	2515055	29	19.6	-
sRNA-MIMAT0000177	NC_000913.3	100.000	10	0	0	1	10	2724302	2724311	29	19.6	+
sRNA-MIMAT0000177	NC_000913.3	100.000	10	0	0	2	11	2766004	2766013	29	19.6	-
sRNA-MIMAT0000177	NC_000913.3	100.000	10	0	0	4	13	2830780	2830789	29	19.6	-
sRNA-MIMAT0000177	NC_000913.3	92.308	13	1	0	4	16	2918468	2918480	29	19.6	+
sRNA-MIMAT0000177	NC_000913.3	100.000	10	0	0	3	12	2939635	2939644	29	19.6	+
sRNA-MIMAT0000177	NC_000913.3	92.857	14	0	1	1	14	2961958	2961970	29	19.6	-
sRNA-MIMAT0000177	NC_000913.3	92.857	14	0	1	1	13	2964404	2964417	29	19.6	-
sRNA-MIMAT0000177	NC_000913.3	100.000	10	0	0	4	13	3012356	3012365	29	19.6	+
sRNA-MIMAT0000177	NC_000913.3	100.000	10	0	0	5	14	3059182	3059191	29	19.6	-
sRNA-MIMAT0000177	NC_000913.3	100.000	10	0	0	6	15	3093078	3093087	29	19.6	+
sRNA-MIMAT0000177	NC_000913.3	100.000	10	0	0	1	10	3101014	3101023	29	19.6	+
sRNA-MIMAT0000177	NC_000913.3	100.000	10	0	0	3	12	3143291	3143300	29	19.6	-
sRNA-MIMAT0000177	NC_000913.3	100.000	10	0	0	7	16	3348261	3348270	29	19.6	-
sRNA-MIMAT0000177	NC_000913.3	92.308	13	1	0	3	15	3350757	3350769	29	19.6	-
sRNA-MIMAT0000177	NC_000913.3	100.000	10	0	0	8	17	3362627	3362636	29	19.6	-
sRNA-MIMAT0000177	NC_000913.3	100.000	10	0	0	8	17	3418246	3418255	29	19.6	-
sRNA-MIMAT0000177	NC_000913.3	100.000	10	0	0	8	17	3521248	3521257	29	19.6	+
sRNA-MIMAT0000177	NC_000913.3	100.000	10	0	0	3	12	3566870	3566879	29	19.6	-
sRNA-MIMAT0000177	NC_000913.3	100.000	10	0	0	6	15	3581549	3581558	29	19.6	+
sRNA-MIMAT0000177	NC_000913.3	92.308	13	1	0	2	14	3622859	3622871	29	19.6	+
sRNA-MIMAT0000177	NC_000913.3	100.000	10	0	0	5	14	3669720	3669729	29	19.6	+
sRNA-MIMAT0000177	NC_000913.3	92.308	13	1	0	2	14	3767603	3767615	29	19.6	+
sRNA-MIMAT0000177	NC_000913.3	85.000	20	1	2	2	20	3829735	3829753	29	19.6	+
sRNA-MIMAT0000177	NC_000913.3	100.000	10	0	0	3	12	3925665	3925674	29	19.6	+
sRNA-MIMAT0000177	NC_000913.3	100.000	10	0	0	2	11	3996272	3996281	29	19.6	+
sRNA-MIMAT0000177	NC_000913.3	100.000	10	0	0	3	12	4015159	4015168	29	19.6	+
sRNA-MIMAT0000177	NC_000913.3	92.857	14	0	1	2	15	4427865	4427877	29	19.6	+
sRNA-MIMAT0000177	NC_000913.3	100.000	10	0	0	3	12	4429406	4429415	29	19.6	+
sRNA-MIMAT0000177	NC_000913.3	100.000	10	0	0	3	12	4504640	4504649	29	19.6	+
sRNA-MIMAT0000177	NC_000913.3	100.000	10	0	0	8	17	4509809	4509818	29	19.6	+
sRNA-MIMAT0000177	NC_000913.3	100.000	10	0	0	3	12	4553537	4553546	29	19.6	+
sRNA-MIMAT0000177	NC_000913.3	100.000	9	0	0	10	18	30165	30173	106	17.7	+
sRNA-MIMAT0000177	NC_000913.3	100.000	9	0	0	6	14	35425	35433	106	17.7	-
sRNA-MIMAT0000177	NC_000913.3	100.000	9	0	0	5	13	43110	43118	106	17.7	+
sRNA-MIMAT0000177	NC_000913.3	91.667	12	1	0	6	17	125174	125185	106	17.7	+
sRNA-MIMAT0000177	NC_000913.3	100.000	9	0	0	1	9	130167	130175	106	17.7	+
sRNA-MIMAT0000177	NC_000913.3	91.667	12	1	0	6	17	147121	147132	106	17.7	+
sRNA-MIMAT0000177	NC_000913.3	100.000	9	0	0	2	10	152532	152540	106	17.7	-
sRNA-MIMAT0000177	NC_000913.3	100.000	9	0	0	6	14	175440	175448	106	17.7	+
sRNA-MIMAT0000177	NC_000913.3	100.000	9	0	0	3	11	229362	229370	106	17.7	+
sRNA-MIMAT0000177	NC_000913.3	100.000	9	0	0	7	15	234362	234370	106	17.7	-
sRNA-MIMAT0000177	NC_000913.3	100.000	9	0	0	4	12	235196	235204	106	17.7	-
sRNA-MIMAT0000177	NC_000913.3	100.000	9	0	0	4	12	242061	242069	106	17.7	-
sRNA-MIMAT0000177	NC_000913.3	100.000	9	0	0	3	11	247900	247908	106	17.7	+
sRNA-MIMAT0000177	NC_000913.3	100.000	9	0	0	3	11	256376	256384	106	17.7	+
sRNA-MIMAT0000177	NC_000913.3	100.000	9	0	0	5	13	267551	267559	106	17.7	-
sRNA-MIMAT0000177	NC_000913.3	100.000	9	0	0	5	13	273332	273340	106	17.7	+
sRNA-MIMAT0000177	NC_000913.3	100.000	9	0	0	5	13	288810	288818	106	17.7	-
sRNA-MIMAT0000177	NC_000913.3	100.000	9	0	0	2	10	294069	294077	106	17.7	-
sRNA-MIMAT0000177	NC_000913.3	100.000	9	0	0	1	9	329718	329726	106	17.7	-
sRNA-MIMAT0000177	NC_000913.3	91.667	12	1	0	5	16	354232	354243	106	17.7	+
sRNA-MIMAT0000177	NC_000913.3	100.000	9	0	0	5	13	409133	409141	106	17.7	-
sRNA-MIMAT0000177	NC_000913.3	100.000	9	0	0	8	16	444666	444674	106	17.7	+
sRNA-MIMAT0000177	NC_000913.3	100.000	9	0	0	3	11	476879	476887	106	17.7	+
sRNA-MIMAT0000177	NC_000913.3	100.000	9	0	0	3	11	488708	488716	106	17.7	+
sRNA-MIMAT0000177	NC_000913.3	100.000	9	0	0	5	13	558196	558204	106	17.7	+
sRNA-MIMAT0000177	NC_000913.3	100.000	9	0	0	3	11	559154	559162	106	17.7	+
sRNA-MIMAT0000177	NC_000913.3	100.000	9	0	0	1	9	572379	572387	106	17.7	-
sRNA-MIMAT0000177	NC_000913.3	100.000	9	0	0	8	16	572395	572403	106	17.7	-
sRNA-MIMAT0000177	NC_000913.3	100.000	9	0	0	7	15	583964	583972	106	17.7	+
sRNA-MIMAT0000177	NC_000913.3	91.667	12	1	0	5	16	585641	585652	106	17.7	-
sRNA-MIMAT0000177	NC_000913.3	100.000	9	0	0	1	9	626046	626054	106	17.7	+
sRNA-MIMAT0000177	NC_000913.3	100.000	9	0	0	10	18	668238	668246	106	17.7	-
sRNA-MIMAT0000177	NC_000913.3	91.667	12	1	0	5	16	681949	681960	106	17.7	-
sRNA-MIMAT0000177	NC_000913.3	100.000	9	0	0	5	13	701805	701813	106	17.7	-
sRNA-MIMAT0000177	NC_000913.3	100.000	9	0	0	1	9	707948	707956	106	17.7	-
sRNA-MIMAT0000177	NC_000913.3	100.000	9	0	0	6	14	726590	726598	106	17.7	-
sRNA-MIMAT0000177	NC_000913.3	100.000	9	0	0	6	14	766662	766670	106	17.7	+
sRNA-MIMAT0000177	NC_000913.3	86.667	15	2	0	6	20	769541	769555	106	17.7	+
sRNA-MIMAT0000177	NC_000913.3	100.000	9	0	0	6	14	806436	806444	106	17.7	-
sRNA-MIMAT0000177	NC_000913.3	100.000	9	0	0	5	13	847067	847075	106	17.7	-
sRNA-MIMAT0000177	NC_000913.3	91.667	12	1	0	6	17	882752	882763	106	17.7	+
sRNA-MIMAT0000177	NC_000913.3	91.667	12	1	0	4	15	932084	932095	106	17.7	+
sRNA-MIMAT0000177	NC_000913.3	100.000	9	0	0	7	15	998845	998853	106	17.7	-
sRNA-MIMAT0000177	NC_000913.3	100.000	9	0	0	3	11	1069423	1069431	106	17.7	-
sRNA-MIMAT0000177	NC_000913.3	91.667	12	1	0	1	12	1096693	1096704	106	17.7	+
sRNA-MIMAT0000177	NC_000913.3	91.667	12	1	0	6	17	1114388	1114399	106	17.7	-
sRNA-MIMAT0000177	NC_000913.3	100.000	9	0	0	5	13	1167245	1167253	106	17.7	+
sRNA-MIMAT0000177	NC_000913.3	100.000	9	0	0	3	11	1178370	1178378	106	17.7	+
sRNA-MIMAT0000177	NC_000913.3	91.667	12	1	0	1	12	1187106	1187117	106	17.7	-
sRNA-MIMAT0000177	NC_000913.3	100.000	9	0	0	1	9	1204682	1204690	106	17.7	-
sRNA-MIMAT0000177	NC_000913.3	92.308	13	0	1	1	13	1241707	1241718	106	17.7	-
sRNA-MIMAT0000177	NC_000913.3	100.000	9	0	0	7	15	1301633	1301641	106	17.7	+
sRNA-MIMAT0000177	NC_000913.3	100.000	9	0	0	6	14	1311602	1311610	106	17.7	+
sRNA-MIMAT0000177	NC_000913.3	91.667	12	1	0	10	21	1326841	1326852	106	17.7	+
sRNA-MIMAT0000177	NC_000913.3	100.000	9	0	0	3	11	1326989	1326997	106	17.7	+
sRNA-MIMAT0000177	NC_000913.3	100.000	9	0	0	4	12	1330572	1330580	106	17.7	-
sRNA-MIMAT0000177	NC_000913.3	100.000	9	0	0	6	14	1380110	1380118	106	17.7	-
sRNA-MIMAT0000177	NC_000913.3	86.667	15	2	0	4	18	1401163	1401177	106	17.7	+
sRNA-MIMAT0000177	NC_000913.3	91.667	12	1	0	1	12	1441030	1441041	106	17.7	+
sRNA-MIMAT0000177	NC_000913.3	86.667	15	2	0	2	16	1492328	1492342	106	17.7	-
sRNA-MIMAT0000177	NC_000913.3	100.000	9	0	0	5	13	1493741	1493749	106	17.7	+
sRNA-MIMAT0000177	NC_000913.3	91.667	12	1	0	4	15	1505820	1505831	106	17.7	-
sRNA-MIMAT0000177	NC_000913.3	92.308	13	0	1	7	18	1536820	1536832	106	17.7	+
sRNA-MIMAT0000177	NC_000913.3	87.500	16	1	1	5	19	1540296	1540311	106	17.7	-
sRNA-MIMAT0000177	NC_000913.3	100.000	9	0	0	4	12	1645513	1645521	106	17.7	-
sRNA-MIMAT0000177	NC_000913.3	100.000	9	0	0	13	21	1648202	1648210	106	17.7	-
sRNA-MIMAT0000177	NC_000913.3	100.000	9	0	0	7	15	1674451	1674459	106	17.7	+
sRNA-MIMAT0000177	NC_000913.3	100.000	9	0	0	6	14	1693181	1693189	106	17.7	-
sRNA-MIMAT0000177	NC_000913.3	100.000	9	0	0	13	21	1727194	1727202	106	17.7	-
sRNA-MIMAT0000177	NC_000913.3	100.000	9	0	0	4	12	1727323	1727331	106	17.7	+
sRNA-MIMAT0000177	NC_000913.3	91.667	12	1	0	9	20	1739586	1739597	106	17.7	-
sRNA-MIMAT0000177	NC_000913.3	100.000	9	0	0	7	15	1753218	1753226	106	17.7	-
sRNA-MIMAT0000177	NC_000913.3	100.000	9	0	0	9	17	1781379	1781387	106	17.7	+
sRNA-MIMAT0000177	NC_000913.3	87.500	16	0	2	3	17	1782657	1782671	106	17.7	+
sRNA-MIMAT0000177	NC_000913.3	100.000	9	0	0	8	16	1818506	1818514	106	17.7	-
sRNA-MIMAT0000177	NC_000913.3	100.000	9	0	0	5	13	1819585	1819593	106	17.7	-
sRNA-MIMAT0000177	NC_000913.3	100.000	9	0	0	7	15	1843059	1843067	106	17.7	+
sRNA-MIMAT0000177	NC_000913.3	100.000	9	0	0	4	12	1871283	1871291	106	17.7	+
sRNA-MIMAT0000177	NC_000913.3	91.667	12	1	0	1	12	1873915	1873926	106	17.7	-
sRNA-MIMAT0000177	NC_000913.3	100.000	9	0	0	3	11	1874484	1874492	106	17.7	+
sRNA-MIMAT0000177	NC_000913.3	100.000	9	0	0	3	11	1905113	1905121	106	17.7	+
sRNA-MIMAT0000177	NC_000913.3	91.667	12	1	0	6	17	1919303	1919314	106	17.7	+
sRNA-MIMAT0000177	NC_000913.3	100.000	9	0	0	3	11	1920445	1920453	106	17.7	+
sRNA-MIMAT0000177	NC_000913.3	100.000	9	0	0	9	17	1924945	1924953	106	17.7	+
sRNA-MIMAT0000177	NC_000913.3	86.667	15	2	0	4	18	1935648	1935662	106	17.7	-
sRNA-MIMAT0000177	NC_000913.3	100.000	9	0	0	3	11	1963650	1963658	106	17.7	-
sRNA-MIMAT0000177	NC_000913.3	86.667	15	2	0	1	15	1974070	1974084	106	17.7	-
sRNA-MIMAT0000177	NC_000913.3	92.308	13	0	1	1	12	1974673	1974685	106	17.7	-
sRNA-MIMAT0000177	NC_000913.3	100.000	9	0	0	10	18	1981825	1981833	106	17.7	+
sRNA-MIMAT0000177	NC_000913.3	100.000	9	0	0	1	9	1987560	1987568	106	17.7	+
sRNA-MIMAT0000177	NC_000913.3	100.000	9	0	0	6	14	1997488	1997496	106	17.7	-
sRNA-MIMAT0000177	NC_000913.3	100.000	9	0	0	9	17	2030153	2030161	106	17.7	-
sRNA-MIMAT0000177	NC_000913.3	100.000	9	0	0	4	12	2032854	2032862	106	17.7	+
sRNA-MIMAT0000177	NC_000913.3	86.667	15	2	0	1	15	2052977	2052991	106	17.7	-
sRNA-MIMAT0000177	NC_000913.3	100.000	9	0	0	4	12	2094929	2094937	106	17.7	+
sRNA-MIMAT0000177	NC_000913.3	100.000	9	0	0	3	11	2112000	2112008	106	17.7	-
sRNA-MIMAT0000177	NC_000913.3	91.667	12	1	0	6	17	2147772	2147783	106	17.7	-
sRNA-MIMAT0000177	NC_000913.3	100.000	9	0	0	6	14	2189858	2189866	106	17.7	-
sRNA-MIMAT0000177	NC_000913.3	100.000	9	0	0	5	13	2205793	2205801	106	17.7	+
sRNA-MIMAT0000177	NC_000913.3	91.667	12	1	0	2	13	2209600	2209611	106	17.7	+
sRNA-MIMAT0000177	NC_000913.3	100.000	9	0	0	3	11	2224037	2224045	106	17.7	-
sRNA-MIMAT0000177	NC_000913.3	92.308	13	0	1	3	14	2259325	2259337	106	17.7	-
sRNA-MIMAT0000177	NC_000913.3	100.000	9	0	0	6	14	2265249	2265257	106	17.7	+
sRNA-MIMAT0000177	NC_000913.3	100.000	9	0	0	9	17	2276473	2276481	106	17.7	-
sRNA-MIMAT0000177	NC_000913.3	100.000	9	0	0	5	13	2294432	2294440	106	17.7	-
sRNA-MIMAT0000177	NC_000913.3	91.667	12	1	0	6	17	2336333	2336344	106	17.7	-
sRNA-MIMAT0000177	NC_000913.3	100.000	9	0	0	10	18	2336765	2336773	106	17.7	-
sRNA-MIMAT0000177	NC_000913.3	100.000	9	0	0	6	14	2338800	2338808	106	17.7	-
sRNA-MIMAT0000177	NC_000913.3	100.000	9	0	0	6	14	2378318	2378326	106	17.7	-
sRNA-MIMAT0000177	NC_000913.3	100.000	9	0	0	2	10	2387187	2387195	106	17.7	+
sRNA-MIMAT0000177	NC_000913.3	100.000	9	0	0	9	17	2425974	2425982	106	17.7	+
sRNA-MIMAT0000177	NC_000913.3	91.667	12	1	0	6	17	2427093	2427104	106	17.7	+
sRNA-MIMAT0000177	NC_000913.3	100.000	9	0	0	3	11	2433912	2433920	106	17.7	-
sRNA-MIMAT0000177	NC_000913.3	100.000	9	0	0	7	15	2464440	2464448	106	17.7	-
sRNA-MIMAT0000177	NC_000913.3	100.000	9	0	0	1	9	2532776	2532784	106	17.7	-
sRNA-MIMAT0000177	NC_000913.3	100.000	9	0	0	2	10	2534751	2534759	106	17.7	-
sRNA-MIMAT0000177	NC_000913.3	100.000	9	0	0	1	9	2539011	2539019	106	17.7	+
sRNA-MIMAT0000177	NC_000913.3	91.667	12	1	0	1	12	2550485	2550496	106	17.7	-
sRNA-MIMAT0000177	NC_000913.3	100.000	9	0	0	2	10	2559910	2559918	106	17.7	+
sRNA-MIMAT0000177	NC_000913.3	100.000	9	0	0	6	14	2569681	2569689	106	17.7	-
sRNA-MIMAT0000177	NC_000913.3	100.000	9	0	0	5	13	2577611	2577619	106	17.7	-
sRNA-MIMAT0000177	NC_000913.3	100.000	9	0	0	4	12	2582550	2582558	106	17.7	-
sRNA-MIMAT0000177	NC_000913.3	100.000	9	0	0	4	12	2583775	2583783	106	17.7	+
sRNA-MIMAT0000177	NC_000913.3	100.000	9	0	0	3	11	2584773	2584781	106	17.7	-
sRNA-MIMAT0000177	NC_000913.3	100.000	9	0	0	4	12	2630879	2630887	106	17.7	-
sRNA-MIMAT0000177	NC_000913.3	100.000	9	0	0	4	12	2702606	2702614	106	17.7	-
sRNA-MIMAT0000177	NC_000913.3	100.000	9	0	0	4	12	2716728	2716736	106	17.7	+
sRNA-MIMAT0000177	NC_000913.3	86.667	15	2	0	6	20	2722689	2722703	106	17.7	-
sRNA-MIMAT0000177	NC_000913.3	100.000	9	0	0	9	17	2724362	2724370	106	17.7	+
sRNA-MIMAT0000177	NC_000913.3	100.000	9	0	0	3	11	2741231	2741239	106	17.7	-
sRNA-MIMAT0000177	NC_000913.3	100.000	9	0	0	1	9	2763971	2763979	106	17.7	-
sRNA-MIMAT0000177	NC_000913.3	91.667	12	1	0	5	16	2772405	2772416	106	17.7	-
sRNA-MIMAT0000177	NC_000913.3	100.000	9	0	0	8	16	2774769	2774777	106	17.7	+
sRNA-MIMAT0000177	NC_000913.3	100.000	9	0	0	5	13	2782041	2782049	106	17.7	-
sRNA-MIMAT0000177	NC_000913.3	100.000	9	0	0	1	9	2835016	2835024	106	17.7	+
sRNA-MIMAT0000177	NC_000913.3	86.667	15	2	0	1	15	2884654	2884668	106	17.7	-
sRNA-MIMAT0000177	NC_000913.3	91.667	12	1	0	3	14	2901006	2901017	106	17.7	+
sRNA-MIMAT0000177	NC_000913.3	91.667	12	1	0	7	18	2933475	2933486	106	17.7	+
sRNA-MIMAT0000177	NC_000913.3	100.000	9	0	0	6	14	2975598	2975606	106	17.7	-
sRNA-MIMAT0000177	NC_000913.3	91.667	12	1	0	4	15	2976240	2976251	106	17.7	+
sRNA-MIMAT0000177	NC_000913.3	100.000	9	0	0	3	11	2989574	2989582	106	17.7	+
sRNA-MIMAT0000177	NC_000913.3	100.000	9	0	0	10	18	2993627	2993635	106	17.7	+
sRNA-MIMAT0000177	NC_000913.3	100.000	9	0	0	3	11	2995938	2995946	106	17.7	-
sRNA-MIMAT0000177	NC_000913.3	91.667	12	1	0	4	15	3024340	3024351	106	17.7	+
sRNA-MIMAT0000177	NC_000913.3	100.000	9	0	0	5	13	3027642	3027650	106	17.7	+
sRNA-MIMAT0000177	NC_000913.3	100.000	9	0	0	3	11	3041562	3041570	106	17.7	+
sRNA-MIMAT0000177	NC_000913.3	100.000	9	0	0	2	10	3066516	3066524	106	17.7	+
sRNA-MIMAT0000177	NC_000913.3	100.000	9	0	0	4	12	3107889	3107897	106	17.7	-
sRNA-MIMAT0000177	NC_000913.3	100.000	9	0	0	3	11	3124266	3124274	106	17.7	-
sRNA-MIMAT0000177	NC_000913.3	100.000	9	0	0	5	13	3129758	3129766	106	17.7	-
sRNA-MIMAT0000177	NC_000913.3	100.000	9	0	0	4	12	3137441	3137449	106	17.7	+
sRNA-MIMAT0000177	NC_000913.3	100.000	9	0	0	8	16	3149646	3149654	106	17.7	+
sRNA-MIMAT0000177	NC_000913.3	100.000	9	0	0	1	9	3207131	3207139	106	17.7	-
sRNA-MIMAT0000177	NC_000913.3	100.000	9	0	0	7	15	3246544	3246552	106	17.7	-
sRNA-MIMAT0000177	NC_000913.3	100.000	9	0	0	5	13	3300918	3300926	106	17.7	-
sRNA-MIMAT0000177	NC_000913.3	92.308	13	0	1	3	15	3312860	3312871	106	17.7	-
sRNA-MIMAT0000177	NC_000913.3	100.000	9	0	0	5	13	3331096	3331104	106	17.7	-
sRNA-MIMAT0000177	NC_000913.3	100.000	9	0	0	5	13	3342009	3342017	106	17.7	+
sRNA-MIMAT0000177	NC_000913.3	100.000	9	0	0	9	17	3397416	3397424	106	17.7	+
sRNA-MIMAT0000177	NC_000913.3	100.000	9	0	0	3	11	3412693	3412701	106	17.7	+
sRNA-MIMAT0000177	NC_000913.3	100.000	9	0	0	1	9	3432700	3432708	106	17.7	-
sRNA-MIMAT0000177	NC_000913.3	100.000	9	0	0	3	11	3434904	3434912	106	17.7	-
sRNA-MIMAT0000177	NC_000913.3	91.667	12	1	0	5	16	3453328	3453339	106	17.7	+
sRNA-MIMAT0000177	NC_000913.3	100.000	9	0	0	6	14	3469924	3469932	106	17.7	-
sRNA-MIMAT0000177	NC_000913.3	100.000	9	0	0	7	15	3479808	3479816	106	17.7	+
sRNA-MIMAT0000177	NC_000913.3	100.000	9	0	0	5	13	3507212	3507220	106	17.7	-
sRNA-MIMAT0000177	NC_000913.3	100.000	9	0	0	5	13	3529437	3529445	106	17.7	+
sRNA-MIMAT0000177	NC_000913.3	100.000	9	0	0	1	9	3543932	3543940	106	17.7	-
sRNA-MIMAT0000177	NC_000913.3	100.000	9	0	0	4	12	3554871	3554879	106	17.7	+
sRNA-MIMAT0000177	NC_000913.3	91.667	12	1	0	5	16	3562861	3562872	106	17.7	+
sRNA-MIMAT0000177	NC_000913.3	100.000	9	0	0	3	11	3565961	3565969	106	17.7	-
sRNA-MIMAT0000177	NC_000913.3	100.000	9	0	0	3	11	3572318	3572326	106	17.7	-
sRNA-MIMAT0000177	NC_000913.3	100.000	9	0	0	5	13	3626043	3626051	106	17.7	-
sRNA-MIMAT0000177	NC_000913.3	91.667	12	1	0	6	17	3710798	3710809	106	17.7	+
sRNA-MIMAT0000177	NC_000913.3	100.000	9	0	0	7	15	3719933	3719941	106	17.7	-
sRNA-MIMAT0000177	NC_000913.3	83.333	18	3	0	1	18	3750702	3750719	106	17.7	-
sRNA-MIMAT0000177	NC_000913.3	100.000	9	0	0	5	13	3775395	3775403	106	17.7	+
sRNA-MIMAT0000177	NC_000913.3	100.000	9	0	0	4	12	3789835	3789843	106	17.7	-
sRNA-MIMAT0000177	NC_000913.3	100.000	9	0	0	5	13	3831008	3831016	106	17.7	+
sRNA-MIMAT0000177	NC_000913.3	100.000	9	0	0	8	16	3897449	3897457	106	17.7	-
sRNA-MIMAT0000177	NC_000913.3	100.000	9	0	0	9	17	3922457	3922465	106	17.7	-
sRNA-MIMAT0000177	NC_000913.3	100.000	9	0	0	3	11	3936157	3936165	106	17.7	+
sRNA-MIMAT0000177	NC_000913.3	91.667	12	1	0	8	19	3958065	3958076	106	17.7	-
sRNA-MIMAT0000177	NC_000913.3	100.000	9	0	0	5	13	3964239	3964247	106	17.7	-
sRNA-MIMAT0000177	NC_000913.3	100.000	9	0	0	3	11	3974842	3974850	106	17.7	+
sRNA-MIMAT0000177	NC_000913.3	100.000	9	0	0	8	16	4060534	4060542	106	17.7	-
sRNA-MIMAT0000177	NC_000913.3	100.000	9	0	0	6	14	4065947	4065955	106	17.7	-
sRNA-MIMAT0000177	NC_000913.3	100.000	9	0	0	6	14	4097044	4097052	106	17.7	+
sRNA-MIMAT0000177	NC_000913.3	100.000	9	0	0	5	13	4115314	4115322	106	17.7	-
sRNA-MIMAT0000177	NC_000913.3	100.000	9	0	0	5	13	4194799	4194807	106	17.7	-
sRNA-MIMAT0000177	NC_000913.3	100.000	9	0	0	5	13	4225903	4225911	106	17.7	+
sRNA-MIMAT0000177	NC_000913.3	100.000	9	0	0	2	10	4233768	4233776	106	17.7	-
sRNA-MIMAT0000177	NC_000913.3	100.000	9	0	0	11	19	4244474	4244482	106	17.7	+
sRNA-MIMAT0000177	NC_000913.3	91.667	12	1	0	1	12	4251502	4251513	106	17.7	+
sRNA-MIMAT0000177	NC_000913.3	100.000	9	0	0	6	14	4257676	4257684	106	17.7	+
sRNA-MIMAT0000177	NC_000913.3	100.000	9	0	0	5	13	4325120	4325128	106	17.7	+
sRNA-MIMAT0000177	NC_000913.3	92.308	13	0	1	5	16	4327776	4327788	106	17.7	+
sRNA-MIMAT0000177	NC_000913.3	100.000	9	0	0	3	11	4360465	4360473	106	17.7	-
sRNA-MIMAT0000177	NC_000913.3	100.000	9	0	0	3	11	4373394	4373402	106	17.7	+
sRNA-MIMAT0000177	NC_000913.3	100.000	9	0	0	3	11	4443738	4443746	106	17.7	+
sRNA-MIMAT0000177	NC_000913.3	91.667	12	1	0	9	20	4446109	4446120	106	17.7	+
sRNA-MIMAT0000177	NC_000913.3	100.000	9	0	0	5	13	4481136	4481144	106	17.7	-
sRNA-MIMAT0000177	NC_000913.3	100.000	9	0	0	10	18	4488427	4488435	106	17.7	-
sRNA-MIMAT0000177	NC_000913.3	91.667	12	1	0	1	12	4504463	4504474	106	17.7	-
sRNA-MIMAT0000177	NC_000913.3	100.000	9	0	0	4	12	4543858	4543866	106	17.7	+
sRNA-MIMAT0000177	NC_000913.3	87.500	16	0	2	1	15	4544574	4544588	106	17.7	+
sRNA-MIMAT0000177	NC_000913.3	100.000	9	0	0	3	11	4579311	4579319	106	17.7	-
sRNA-MIMAT0000177	NC_000913.3	91.667	12	1	0	1	12	4582496	4582507	106	17.7	-
sRNA-MIMAT0000177	NC_000913.3	90.909	11	1	0	9	19	8252	8262	381	15.9	-
sRNA-MIMAT0000177	NC_000913.3	100.000	8	0	0	9	16	9250	9257	381	15.9	-
sRNA-MIMAT0000177	NC_000913.3	100.000	8	0	0	5	12	11054	11061	381	15.9	-
sRNA-MIMAT0000177	NC_000913.3	100.000	8	0	0	10	17	18685	18692	381	15.9	-
sRNA-MIMAT0000177	NC_000913.3	100.000	8	0	0	8	15	19979	19986	381	15.9	-
sRNA-MIMAT0000177	NC_000913.3	100.000	8	0	0	5	12	32211	32218	381	15.9	+
sRNA-MIMAT0000177	NC_000913.3	100.000	8	0	0	5	12	33333	33340	381	15.9	+
sRNA-MIMAT0000177	NC_000913.3	100.000	8	0	0	5	12	33882	33889	381	15.9	+
sRNA-MIMAT0000177	NC_000913.3	100.000	8	0	0	5	12	44629	44636	381	15.9	+
sRNA-MIMAT0000177	NC_000913.3	90.909	11	1	0	6	16	45470	45480	381	15.9	-
sRNA-MIMAT0000177	NC_000913.3	100.000	8	0	0	1	8	57563	57570	381	15.9	-
sRNA-MIMAT0000177	NC_000913.3	91.667	12	0	1	7	18	59287	59297	381	15.9	+
sRNA-MIMAT0000177	NC_000913.3	100.000	8	0	0	7	14	59305	59312	381	15.9	-
sRNA-MIMAT0000177	NC_000913.3	100.000	8	0	0	5	12	64175	64182	381	15.9	-
sRNA-MIMAT0000177	NC_000913.3	100.000	8	0	0	3	10	69513	69520	381	15.9	-
sRNA-MIMAT0000177	NC_000913.3	100.000	8	0	0	4	11	72626	72633	381	15.9	-
sRNA-MIMAT0000177	NC_000913.3	90.909	11	1	0	1	11	83980	83990	381	15.9	+
sRNA-MIMAT0000177	NC_000913.3	100.000	8	0	0	9	16	86784	86791	381	15.9	+
sRNA-MIMAT0000177	NC_000913.3	100.000	8	0	0	6	13	105404	105411	381	15.9	+
sRNA-MIMAT0000177	NC_000913.3	100.000	8	0	0	5	12	109121	109128	381	15.9	+
sRNA-MIMAT0000177	NC_000913.3	90.909	11	1	0	6	16	119460	119470	381	15.9	+
sRNA-MIMAT0000177	NC_000913.3	90.909	11	1	0	1	11	121982	121992	381	15.9	-
sRNA-MIMAT0000177	NC_000913.3	100.000	8	0	0	1	8	123729	123736	381	15.9	-
sRNA-MIMAT0000177	NC_000913.3	90.909	11	1	0	6	16	127118	127128	381	15.9	-
sRNA-MIMAT0000177	NC_000913.3	100.000	8	0	0	6	13	133355	133362	381	15.9	+
sRNA-MIMAT0000177	NC_000913.3	100.000	8	0	0	12	19	134769	134776	381	15.9	+
sRNA-MIMAT0000177	NC_000913.3	100.000	8	0	0	5	12	137565	137572	381	15.9	+
sRNA-MIMAT0000177	NC_000913.3	100.000	8	0	0	6	13	149258	149265	381	15.9	-
sRNA-MIMAT0000177	NC_000913.3	100.000	8	0	0	6	13	149944	149951	381	15.9	-
sRNA-MIMAT0000177	NC_000913.3	100.000	8	0	0	6	13	155167	155174	381	15.9	-
sRNA-MIMAT0000177	NC_000913.3	100.000	8	0	0	6	13	155477	155484	381	15.9	-
sRNA-MIMAT0000177	NC_000913.3	100.000	8	0	0	2	9	155661	155668	381	15.9	+
sRNA-MIMAT0000177	NC_000913.3	90.909	11	1	0	9	19	162633	162643	381	15.9	+
sRNA-MIMAT0000177	NC_000913.3	100.000	8	0	0	6	13	162945	162952	381	15.9	+
sRNA-MIMAT0000177	NC_000913.3	100.000	8	0	0	7	14	174463	174470	381	15.9	-
sRNA-MIMAT0000177	NC_000913.3	100.000	8	0	0	5	12	174651	174658	381	15.9	-
sRNA-MIMAT0000177	NC_000913.3	100.000	8	0	0	4	11	177627	177634	381	15.9	-
sRNA-MIMAT0000177	NC_000913.3	100.000	8	0	0	6	13	182072	182079	381	15.9	+
sRNA-MIMAT0000177	NC_000913.3	100.000	8	0	0	5	12	183738	183745	381	15.9	-
sRNA-MIMAT0000177	NC_000913.3	91.667	12	0	1	3	14	185369	185379	381	15.9	-
sRNA-MIMAT0000177	NC_000913.3	100.000	8	0	0	14	21	186798	186805	381	15.9	-
sRNA-MIMAT0000177	NC_000913.3	100.000	8	0	0	7	14	195588	195595	381	15.9	+
sRNA-MIMAT0000177	NC_000913.3	100.000	8	0	0	6	13	196808	196815	381	15.9	-
sRNA-MIMAT0000177	NC_000913.3	90.909	11	1	0	7	17	198739	198749	381	15.9	+
sRNA-MIMAT0000177	NC_000913.3	100.000	8	0	0	6	13	200974	200981	381	15.9	-
sRNA-MIMAT0000177	NC_000913.3	100.000	8	0	0	5	12	202127	202134	381	15.9	+
sRNA-MIMAT0000177	NC_000913.3	100.000	8	0	0	3	10	202877	202884	381	15.9	+
sRNA-MIMAT0000177	NC_000913.3	100.000	8	0	0	3	10	214531	214538	381	15.9	+
sRNA-MIMAT0000177	NC_000913.3	90.909	11	1	0	7	17	217909	217919	381	15.9	-
sRNA-MIMAT0000177	NC_000913.3	86.667	15	1	1	3	17	219464	219477	381	15.9	+
sRNA-MIMAT0000177	NC_000913.3	100.000	8	0	0	9	16	224220	224227	381	15.9	+
sRNA-MIMAT0000177	NC_000913.3	100.000	8	0	0	4	11	237591	237598	381	15.9	-
sRNA-MIMAT0000177	NC_000913.3	91.667	12	0	1	7	18	241807	241817	381	15.9	-
sRNA-MIMAT0000177	NC_000913.3	90.909	11	1	0	5	15	242067	242077	381	15.9	-
sRNA-MIMAT0000177	NC_000913.3	100.000	8	0	0	8	15	245418	245425	381	15.9	-
sRNA-MIMAT0000177	NC_000913.3	100.000	8	0	0	8	15	258091	258098	381	15.9	-
sRNA-MIMAT0000177	NC_000913.3	100.000	8	0	0	6	13	259214	259221	381	15.9	-
sRNA-MIMAT0000177	NC_000913.3	100.000	8	0	0	11	18	261264	261271	381	15.9	-
sRNA-MIMAT0000177	NC_000913.3	100.000	8	0	0	4	11	269057	269064	381	15.9	-
sRNA-MIMAT0000177	NC_000913.3	100.000	8	0	0	8	15	277989	277996	381	15.9	-
sRNA-MIMAT0000177	NC_000913.3	100.000	8	0	0	8	15	279346	279353	381	15.9	-
sRNA-MIMAT0000177	NC_000913.3	100.000	8	0	0	8	15	290817	290824	381	15.9	-
sRNA-MIMAT0000177	NC_000913.3	90.909	11	1	0	5	15	301704	301714	381	15.9	-
sRNA-MIMAT0000177	NC_000913.3	100.000	8	0	0	6	13	302167	302174	381	15.9	-
sRNA-MIMAT0000177	NC_000913.3	90.909	11	1	0	8	18	302739	302749	381	15.9	+
sRNA-MIMAT0000177	NC_000913.3	100.000	8	0	0	3	10	303202	303209	381	15.9	-
sRNA-MIMAT0000177	NC_000913.3	100.000	8	0	0	3	10	305988	305995	381	15.9	+
sRNA-MIMAT0000177	NC_000913.3	100.000	8	0	0	3	10	317093	317100	381	15.9	-
sRNA-MIMAT0000177	NC_000913.3	100.000	8	0	0	5	12	326758	326765	381	15.9	-
sRNA-MIMAT0000177	NC_000913.3	100.000	8	0	0	5	12	337026	337033	381	15.9	+
sRNA-MIMAT0000177	NC_000913.3	100.000	8	0	0	11	18	344275	344282	381	15.9	-
sRNA-MIMAT0000177	NC_000913.3	100.000	8	0	0	3	10	356609	356616	381	15.9	+
sRNA-MIMAT0000177	NC_000913.3	100.000	8	0	0	4	11	365289	365296	381	15.9	-
sRNA-MIMAT0000177	NC_000913.3	100.000	8	0	0	5	12	365330	365337	381	15.9	-
sRNA-MIMAT0000177	NC_000913.3	100.000	8	0	0	6	13	372859	372866	381	15.9	+
sRNA-MIMAT0000177	NC_000913.3	90.909	11	1	0	2	12	373993	374003	381	15.9	+
sRNA-MIMAT0000177	NC_000913.3	100.000	8	0	0	2	9	383179	383186	381	15.9	-
sRNA-MIMAT0000177	NC_000913.3	100.000	8	0	0	5	12	385507	385514	381	15.9	+
sRNA-MIMAT0000177	NC_000913.3	100.000	8	0	0	9	16	404230	404237	381	15.9	-
sRNA-MIMAT0000177	NC_000913.3	100.000	8	0	0	5	12	414811	414818	381	15.9	-
sRNA-MIMAT0000177	NC_000913.3	90.909	11	1	0	1	11	424927	424937	381	15.9	-
sRNA-MIMAT0000177	NC_000913.3	100.000	8	0	0	5	12	425241	425248	381	15.9	+
sRNA-MIMAT0000177	NC_000913.3	100.000	8	0	0	3	10	432232	432239	381	15.9	-
sRNA-MIMAT0000177	NC_000913.3	91.667	12	0	1	5	15	442625	442636	381	15.9	+
sRNA-MIMAT0000177	NC_000913.3	100.000	8	0	0	6	13	444902	444909	381	15.9	+
sRNA-MIMAT0000177	NC_000913.3	90.909	11	1	0	11	21	458878	458888	381	15.9	+
sRNA-MIMAT0000177	NC_000913.3	100.000	8	0	0	3	10	465057	465064	381	15.9	-
sRNA-MIMAT0000177	NC_000913.3	100.000	8	0	0	12	19	468126	468133	381	15.9	-
sRNA-MIMAT0000177	NC_000913.3	90.909	11	1	0	9	19	468232	468242	381	15.9	-
sRNA-MIMAT0000177	NC_000913.3	100.000	8	0	0	9	16	474767	474774	381	15.9	+
sRNA-MIMAT0000177	NC_000913.3	100.000	8	0	0	7	14	476890	476897	381	15.9	-
sRNA-MIMAT0000177	NC_000913.3	86.667	15	1	1	5	18	481510	481524	381	15.9	-
sRNA-MIMAT0000177	NC_000913.3	91.667	12	0	1	1	12	484709	484719	381	15.9	+
sRNA-MIMAT0000177	NC_000913.3	90.909	11	1	0	2	12	486201	486211	381	15.9	+
sRNA-MIMAT0000177	NC_000913.3	100.000	8	0	0	4	11	497583	497590	381	15.9	-
sRNA-MIMAT0000177	NC_000913.3	90.909	11	1	0	3	13	498259	498269	381	15.9	+
sRNA-MIMAT0000177	NC_000913.3	100.000	8	0	0	1	8	500147	500154	381	15.9	-
sRNA-MIMAT0000177	NC_000913.3	100.000	8	0	0	3	10	504040	504047	381	15.9	+
sRNA-MIMAT0000177	NC_000913.3	100.000	8	0	0	11	18	507565	507572	381	15.9	+
sRNA-MIMAT0000177	NC_000913.3	100.000	8	0	0	4	11	508498	508505	381	15.9	+
sRNA-MIMAT0000177	NC_000913.3	100.000	8	0	0	8	15	509786	509793	381	15.9	-
sRNA-MIMAT0000177	NC_000913.3	100.000	8	0	0	5	12	510884	510891	381	15.9	-
sRNA-MIMAT0000177	NC_000913.3	86.667	15	1	1	2	15	514433	514447	381	15.9	-
sRNA-MIMAT0000177	NC_000913.3	100.000	8	0	0	9	16	526534	526541	381	15.9	+
sRNA-MIMAT0000177	NC_000913.3	100.000	8	0	0	5	12	528509	528516	381	15.9	+
sRNA-MIMAT0000177	NC_000913.3	100.000	8	0	0	5	12	535271	535278	381	15.9	+
sRNA-MIMAT0000177	NC_000913.3	100.000	8	0	0	8	15	536966	536973	381	15.9	+
sRNA-MIMAT0000177	NC_000913.3	100.000	8	0	0	5	12	555855	555862	381	15.9	+
sRNA-MIMAT0000177	NC_000913.3	82.353	17	3	0	1	17	566661	566677	381	15.9	+
sRNA-MIMAT0000177	NC_000913.3	90.909	11	1	0	5	15	579648	579658	381	15.9	-
sRNA-MIMAT0000177	NC_000913.3	91.667	12	0	1	6	16	583789	583800	381	15.9	+
sRNA-MIMAT0000177	NC_000913.3	90.909	11	1	0	5	15	598716	598726	381	15.9	+
sRNA-MIMAT0000177	NC_000913.3	85.714	14	2	0	5	18	610811	610824	381	15.9	-
sRNA-MIMAT0000177	NC_000913.3	100.000	8	0	0	6	13	617793	617800	381	15.9	+
sRNA-MIMAT0000177	NC_000913.3	100.000	8	0	0	9	16	624665	624672	381	15.9	+
sRNA-MIMAT0000177	NC_000913.3	100.000	8	0	0	6	13	636801	636808	381	15.9	+
sRNA-MIMAT0000177	NC_000913.3	100.000	8	0	0	11	18	649273	649280	381	15.9	+
sRNA-MIMAT0000177	NC_000913.3	100.000	8	0	0	5	12	653644	653651	381	15.9	+
sRNA-MIMAT0000177	NC_000913.3	100.000	8	0	0	3	10	656178	656185	381	15.9	+
sRNA-MIMAT0000177	NC_000913.3	100.000	8	0	0	11	18	658514	658521	381	15.9	+
sRNA-MIMAT0000177	NC_000913.3	100.000	8	0	0	2	9	660370	660377	381	15.9	+
sRNA-MIMAT0000177	NC_000913.3	100.000	8	0	0	3	10	665235	665242	381	15.9	+
sRNA-MIMAT0000177	NC_000913.3	100.000	8	0	0	1	8	674745	674752	381	15.9	+
sRNA-MIMAT0000177	NC_000913.3	100.000	8	0	0	5	12	678338	678345	381	15.9	+
sRNA-MIMAT0000177	NC_000913.3	100.000	8	0	0	5	12	682820	682827	381	15.9	-
sRNA-MIMAT0000177	NC_000913.3	100.000	8	0	0	5	12	691205	691212	381	15.9	-
sRNA-MIMAT0000177	NC_000913.3	90.909	11	1	0	9	19	692050	692060	381	15.9	-
sRNA-MIMAT0000177	NC_000913.3	100.000	8	0	0	6	13	696343	696350	381	15.9	+
sRNA-MIMAT0000177	NC_000913.3	90.909	11	1	0	11	21	703984	703994	381	15.9	-
sRNA-MIMAT0000177	NC_000913.3	100.000	8	0	0	5	12	712995	713002	381	15.9	+
sRNA-MIMAT0000177	NC_000913.3	100.000	8	0	0	10	17	738458	738465	381	15.9	+
sRNA-MIMAT0000177	NC_000913.3	100.000	8	0	0	6	13	748065	748072	381	15.9	+
sRNA-MIMAT0000177	NC_000913.3	90.909	11	1	0	4	14	754969	754979	381	15.9	-
sRNA-MIMAT0000177	NC_000913.3	100.000	8	0	0	5	12	767684	767691	381	15.9	+
sRNA-MIMAT0000177	NC_000913.3	100.000	8	0	0	8	15	769435	769442	381	15.9	+
sRNA-MIMAT0000177	NC_000913.3	100.000	8	0	0	5	12	773368	773375	381	15.9	+
sRNA-MIMAT0000177	NC_000913.3	100.000	8	0	0	10	17	774656	774663	381	15.9	-
sRNA-MIMAT0000177	NC_000913.3	100.000	8	0	0	8	15	795163	795170	381	15.9	+
sRNA-MIMAT0000177	NC_000913.3	100.000	8	0	0	5	12	795295	795302	381	15.9	+
sRNA-MIMAT0000177	NC_000913.3	100.000	8	0	0	8	15	795807	795814	381	15.9	+
sRNA-MIMAT0000177	NC_000913.3	100.000	8	0	0	7	14	799103	799110	381	15.9	+
sRNA-MIMAT0000177	NC_000913.3	90.909	11	1	0	1	11	799132	799142	381	15.9	-
sRNA-MIMAT0000177	NC_000913.3	100.000	8	0	0	4	11	814439	814446	381	15.9	+
sRNA-MIMAT0000177	NC_000913.3	100.000	8	0	0	7	14	823281	823288	381	15.9	-
sRNA-MIMAT0000177	NC_000913.3	100.000	8	0	0	5	12	833222	833229	381	15.9	+
sRNA-MIMAT0000177	NC_000913.3	85.714	14	2	0	1	14	835635	835648	381	15.9	+
sRNA-MIMAT0000177	NC_000913.3	100.000	8	0	0	8	15	835988	835995	381	15.9	+
sRNA-MIMAT0000177	NC_000913.3	100.000	8	0	0	3	10	836076	836083	381	15.9	+
sRNA-MIMAT0000177	NC_000913.3	100.000	8	0	0	6	13	841094	841101	381	15.9	+
sRNA-MIMAT0000177	NC_000913.3	100.000	8	0	0	5	12	852021	852028	381	15.9	-
sRNA-MIMAT0000177	NC_000913.3	100.000	8	0	0	7	14	853250	853257	381	15.9	+
sRNA-MIMAT0000177	NC_000913.3	100.000	8	0	0	11	18	857457	857464	381	15.9	-
sRNA-MIMAT0000177	NC_000913.3	100.000	8	0	0	8	15	867413	867420	381	15.9	+
sRNA-MIMAT0000177	NC_000913.3	90.909	11	1	0	1	11	868957	868967	381	15.9	-
sRNA-MIMAT0000177	NC_000913.3	100.000	8	0	0	10	17	883413	883420	381	15.9	+
sRNA-MIMAT0000177	NC_000913.3	100.000	8	0	0	8	15	884984	884991	381	15.9	-
sRNA-MIMAT0000177	NC_000913.3	100.000	8	0	0	5	12	903419	903426	381	15.9	-
sRNA-MIMAT0000177	NC_000913.3	100.000	8	0	0	3	10	906755	906762	381	15.9	-
sRNA-MIMAT0000177	NC_000913.3	100.000	8	0	0	4	11	917761	917768	381	15.9	+
sRNA-MIMAT0000177	NC_000913.3	100.000	8	0	0	10	17	926599	926606	381	15.9	+
sRNA-MIMAT0000177	NC_000913.3	100.000	8	0	0	6	13	927131	927138	381	15.9	-
sRNA-MIMAT0000177	NC_000913.3	90.909	11	1	0	1	11	935900	935910	381	15.9	+
sRNA-MIMAT0000177	NC_000913.3	100.000	8	0	0	6	13	945013	945020	381	15.9	-
sRNA-MIMAT0000177	NC_000913.3	100.000	8	0	0	10	17	954686	954693	381	15.9	+
sRNA-MIMAT0000177	NC_000913.3	100.000	8	0	0	4	11	955839	955846	381	15.9	+
sRNA-MIMAT0000177	NC_000913.3	100.000	8	0	0	5	12	956536	956543	381	15.9	-
sRNA-MIMAT0000177	NC_000913.3	100.000	8	0	0	6	13	960645	960652	381	15.9	+
sRNA-MIMAT0000177	NC_000913.3	100.000	8	0	0	3	10	966450	966457	381	15.9	+
sRNA-MIMAT0000177	NC_000913.3	100.000	8	0	0	14	21	973104	973111	381	15.9	-
sRNA-MIMAT0000177	NC_000913.3	100.000	8	0	0	6	13	983501	983508	381	15.9	+
sRNA-MIMAT0000177	NC_000913.3	91.667	12	0	1	1	12	984167	984177	381	15.9	-
sRNA-MIMAT0000177	NC_000913.3	90.909	11	1	0	2	12	988673	988683	381	15.9	-
sRNA-MIMAT0000177	NC_000913.3	100.000	8	0	0	10	17	989126	989133	381	15.9	+
sRNA-MIMAT0000177	NC_000913.3	100.000	8	0	0	11	18	989139	989146	381	15.9	-
sRNA-MIMAT0000177	NC_000913.3	86.667	15	1	1	1	15	999716	999729	381	15.9	+
sRNA-MIMAT0000177	NC_000913.3	100.000	8	0	0	5	12	1008455	1008462	381	15.9	+
sRNA-MIMAT0000177	NC_000913.3	100.000	8	0	0	4	11	1009084	1009091	381	15.9	+
sRNA-MIMAT0000177	NC_000913.3	100.000	8	0	0	6	13	1013421	1013428	381	15.9	+
sRNA-MIMAT0000177	NC_000913.3	100.000	8	0	0	12	19	1014161	1014168	381	15.9	+
sRNA-MIMAT0000177	NC_000913.3	90.909	11	1	0	1	11	1014420	1014430	381	15.9	-
sRNA-MIMAT0000177	NC_000913.3	100.000	8	0	0	3	10	1018653	1018660	381	15.9	+
sRNA-MIMAT0000177	NC_000913.3	100.000	8	0	0	5	12	1018850	1018857	381	15.9	+
sRNA-MIMAT0000177	NC_000913.3	100.000	8	0	0	3	10	1020922	1020929	381	15.9	-
sRNA-MIMAT0000177	NC_000913.3	90.909	11	1	0	5	15	1024584	1024594	381	15.9	-
sRNA-MIMAT0000177	NC_000913.3	100.000	8	0	0	5	12	1029411	1029418	381	15.9	-
sRNA-MIMAT0000177	NC_000913.3	90.909	11	1	0	11	21	1037686	1037696	381	15.9	+
sRNA-MIMAT0000177	NC_000913.3	91.667	12	0	1	2	12	1039043	1039054	381	15.9	+
sRNA-MIMAT0000177	NC_000913.3	90.909	11	1	0	1	11	1042184	1042194	381	15.9	-
sRNA-MIMAT0000177	NC_000913.3	100.000	8	0	0	8	15	1050355	1050362	381	15.9	+
sRNA-MIMAT0000177	NC_000913.3	100.000	8	0	0	6	13	1060747	1060754	381	15.9	+
sRNA-MIMAT0000177	NC_000913.3	100.000	8	0	0	6	13	1063803	1063810	381	15.9	+
sRNA-MIMAT0000177	NC_000913.3	100.000	8	0	0	1	8	1064569	1064576	381	15.9	+
sRNA-MIMAT0000177	NC_000913.3	91.667	12	0	1	6	17	1080860	1080870	381	15.9	-
sRNA-MIMAT0000177	NC_000913.3	90.909	11	1	0	5	15	1082050	1082060	381	15.9	+
sRNA-MIMAT0000177	NC_000913.3	100.000	8	0	0	14	21	1086203	1086210	381	15.9	-
sRNA-MIMAT0000177	NC_000913.3	90.909	11	1	0	9	19	1089310	1089320	381	15.9	+
sRNA-MIMAT0000177	NC_000913.3	100.000	8	0	0	5	12	1097750	1097757	381	15.9	-
sRNA-MIMAT0000177	NC_000913.3	100.000	8	0	0	3	10	1097928	1097935	381	15.9	+
sRNA-MIMAT0000177	NC_000913.3	100.000	8	0	0	7	14	1101034	1101041	381	15.9	-
sRNA-MIMAT0000177	NC_000913.3	100.000	8	0	0	1	8	1102039	1102046	381	15.9	+
sRNA-MIMAT0000177	NC_000913.3	100.000	8	0	0	4	11	1112191	1112198	381	15.9	-
sRNA-MIMAT0000177	NC_000913.3	100.000	8	0	0	10	17	1113084	1113091	381	15.9	-
sRNA-MIMAT0000177	NC_000913.3	100.000	8	0	0	3	10	1113363	1113370	381	15.9	-
sRNA-MIMAT0000177	NC_000913.3	100.000	8	0	0	8	15	1122626	1122633	381	15.9	+
sRNA-MIMAT0000177	NC_000913.3	100.000	8	0	0	2	9	1132000	1132007	381	15.9	-
sRNA-MIMAT0000177	NC_000913.3	100.000	8	0	0	4	11	1132059	1132066	381	15.9	+
sRNA-MIMAT0000177	NC_000913.3	100.000	8	0	0	6	13	1138354	1138361	381	15.9	+
sRNA-MIMAT0000177	NC_000913.3	100.000	8	0	0	6	13	1145309	1145316	381	15.9	+
sRNA-MIMAT0000177	NC_000913.3	90.909	11	1	0	5	15	1148237	1148247	381	15.9	-
sRNA-MIMAT0000177	NC_000913.3	100.000	8	0	0	8	15	1148391	1148398	381	15.9	+
sRNA-MIMAT0000177	NC_000913.3	90.909	11	1	0	6	16	1152815	1152825	381	15.9	+
sRNA-MIMAT0000177	NC_000913.3	100.000	8	0	0	8	15	1180328	1180335	381	15.9	+
sRNA-MIMAT0000177	NC_000913.3	100.000	8	0	0	5	12	1182250	1182257	381	15.9	-
sRNA-MIMAT0000177	NC_000913.3	100.000	8	0	0	5	12	1186785	1186792	381	15.9	+
sRNA-MIMAT0000177	NC_000913.3	100.000	8	0	0	3	10	1189054	1189061	381	15.9	+
sRNA-MIMAT0000177	NC_000913.3	100.000	8	0	0	3	10	1190909	1190916	381	15.9	+
sRNA-MIMAT0000177	NC_000913.3	100.000	8	0	0	6	13	1195216	1195223	381	15.9	+
sRNA-MIMAT0000177	NC_000913.3	100.000	8	0	0	5	12	1199453	1199460	381	15.9	+
sRNA-MIMAT0000177	NC_000913.3	90.909	11	1	0	2	12	1211430	1211440	381	15.9	+
sRNA-MIMAT0000177	NC_000913.3	100.000	8	0	0	5	12	1213167	1213174	381	15.9	-
sRNA-MIMAT0000177	NC_000913.3	100.000	8	0	0	4	11	1216756	1216763	381	15.9	-
sRNA-MIMAT0000177	NC_000913.3	100.000	8	0	0	6	13	1219264	1219271	381	15.9	+
sRNA-MIMAT0000177	NC_000913.3	100.000	8	0	0	4	11	1224984	1224991	381	15.9	-
sRNA-MIMAT0000177	NC_000913.3	100.000	8	0	0	5	12	1226687	1226694	381	15.9	-
sRNA-MIMAT0000177	NC_000913.3	100.000	8	0	0	1	8	1229820	1229827	381	15.9	-
sRNA-MIMAT0000177	NC_000913.3	100.000	8	0	0	8	15	1236338	1236345	381	15.9	-
sRNA-MIMAT0000177	NC_000913.3	90.909	11	1	0	5	15	1237091	1237101	381	15.9	-
sRNA-MIMAT0000177	NC_000913.3	100.000	8	0	0	5	12	1244008	1244015	381	15.9	-
sRNA-MIMAT0000177	NC_000913.3	90.909	11	1	0	5	15	1251532	1251542	381	15.9	+
sRNA-MIMAT0000177	NC_000913.3	100.000	8	0	0	11	18	1255597	1255604	381	15.9	+
sRNA-MIMAT0000177	NC_000913.3	90.909	11	1	0	8	18	1256474	1256484	381	15.9	+
sRNA-MIMAT0000177	NC_000913.3	100.000	8	0	0	4	11	1258871	1258878	381	15.9	-
sRNA-MIMAT0000177	NC_000913.3	100.000	8	0	0	5	12	1286094	1286101	381	15.9	+
sRNA-MIMAT0000177	NC_000913.3	100.000	8	0	0	10	17	1287300	1287307	381	15.9	-
sRNA-MIMAT0000177	NC_000913.3	100.000	8	0	0	10	17	1287594	1287601	381	15.9	-
sRNA-MIMAT0000177	NC_000913.3	100.000	8	0	0	10	17	1287648	1287655	381	15.9	-
sRNA-MIMAT0000177	NC_000913.3	100.000	8	0	0	5	12	1289511	1289518	381	15.9	-
sRNA-MIMAT0000177	NC_000913.3	90.909	11	1	0	3	13	1296511	1296521	381	15.9	+
sRNA-MIMAT0000177	NC_000913.3	100.000	8	0	0	4	11	1299190	1299197	381	15.9	+
sRNA-MIMAT0000177	NC_000913.3	100.000	8	0	0	6	13	1301350	1301357	381	15.9	+
sRNA-MIMAT0000177	NC_000913.3	100.000	8	0	0	5	12	1303489	1303496	381	15.9	+
sRNA-MIMAT0000177	NC_000913.3	100.000	8	0	0	6	13	1305004	1305011	381	15.9	-
sRNA-MIMAT0000177	NC_000913.3	100.000	8	0	0	3	10	1307870	1307877	381	15.9	-
sRNA-MIMAT0000177	NC_000913.3	100.000	8	0	0	5	12	1317530	1317537	381	15.9	-
sRNA-MIMAT0000177	NC_000913.3	100.000	8	0	0	10	17	1322584	1322591	381	15.9	+
sRNA-MIMAT0000177	NC_000913.3	90.909	11	1	0	9	19	1324824	1324834	381	15.9	-
sRNA-MIMAT0000177	NC_000913.3	90.909	11	1	0	9	19	1324842	1324852	381	15.9	+
sRNA-MIMAT0000177	NC_000913.3	100.000	8	0	0	1	8	1330761	1330768	381	15.9	+
sRNA-MIMAT0000177	NC_000913.3	90.909	11	1	0	3	13	1333625	1333635	381	15.9	+
sRNA-MIMAT0000177	NC_000913.3	90.909	11	1	0	7	17	1336939	1336949	381	15.9	+
sRNA-MIMAT0000177	NC_000913.3	100.000	8	0	0	7	14	1338031	1338038	381	15.9	+
sRNA-MIMAT0000177	NC_000913.3	100.000	8	0	0	5	12	1346331	1346338	381	15.9	+
sRNA-MIMAT0000177	NC_000913.3	100.000	8	0	0	1	8	1347989	1347996	381	15.9	+
sRNA-MIMAT0000177	NC_000913.3	100.000	8	0	0	4	11	1355107	1355114	381	15.9	+
sRNA-MIMAT0000177	NC_000913.3	100.000	8	0	0	10	17	1360514	1360521	381	15.9	+
sRNA-MIMAT0000177	NC_000913.3	100.000	8	0	0	5	12	1367974	1367981	381	15.9	-
sRNA-MIMAT0000177	NC_000913.3	100.000	8	0	0	3	10	1386039	1386046	381	15.9	-
sRNA-MIMAT0000177	NC_000913.3	100.000	8	0	0	3	10	1386471	1386478	381	15.9	+
sRNA-MIMAT0000177	NC_000913.3	100.000	8	0	0	5	12	1403216	1403223	381	15.9	-
sRNA-MIMAT0000177	NC_000913.3	100.000	8	0	0	5	12	1411837	1411844	381	15.9	-
sRNA-MIMAT0000177	NC_000913.3	100.000	8	0	0	3	10	1412049	1412056	381	15.9	-
sRNA-MIMAT0000177	NC_000913.3	100.000	8	0	0	1	8	1424017	1424024	381	15.9	+
sRNA-MIMAT0000177	NC_000913.3	100.000	8	0	0	3	10	1424055	1424062	381	15.9	+
sRNA-MIMAT0000177	NC_000913.3	100.000	8	0	0	7	14	1424098	1424105	381	15.9	+
sRNA-MIMAT0000177	NC_000913.3	100.000	8	0	0	6	13	1434088	1434095	381	15.9	-
sRNA-MIMAT0000177	NC_000913.3	100.000	8	0	0	6	13	1448389	1448396	381	15.9	+
sRNA-MIMAT0000177	NC_000913.3	100.000	8	0	0	5	12	1450422	1450429	381	15.9	-
sRNA-MIMAT0000177	NC_000913.3	100.000	8	0	0	6	13	1453338	1453345	381	15.9	-
sRNA-MIMAT0000177	NC_000913.3	100.000	8	0	0	6	13	1456652	1456659	381	15.9	+
sRNA-MIMAT0000177	NC_000913.3	100.000	8	0	0	5	12	1462697	1462704	381	15.9	+
sRNA-MIMAT0000177	NC_000913.3	100.000	8	0	0	7	14	1465984	1465991	381	15.9	+
sRNA-MIMAT0000177	NC_000913.3	100.000	8	0	0	12	19	1481966	1481973	381	15.9	+
sRNA-MIMAT0000177	NC_000913.3	100.000	8	0	0	3	10	1482203	1482210	381	15.9	+
sRNA-MIMAT0000177	NC_000913.3	90.909	11	1	0	9	19	1486013	1486023	381	15.9	+
sRNA-MIMAT0000177	NC_000913.3	100.000	8	0	0	3	10	1488298	1488305	381	15.9	+
sRNA-MIMAT0000177	NC_000913.3	100.000	8	0	0	4	11	1493176	1493183	381	15.9	+
sRNA-MIMAT0000177	NC_000913.3	90.909	11	1	0	8	18	1494133	1494143	381	15.9	-
sRNA-MIMAT0000177	NC_000913.3	100.000	8	0	0	3	10	1498919	1498926	381	15.9	+
sRNA-MIMAT0000177	NC_000913.3	100.000	8	0	0	6	13	1499863	1499870	381	15.9	-
sRNA-MIMAT0000177	NC_000913.3	100.000	8	0	0	3	10	1505000	1505007	381	15.9	-
sRNA-MIMAT0000177	NC_000913.3	100.000	8	0	0	5	12	1510830	1510837	381	15.9	+
sRNA-MIMAT0000177	NC_000913.3	100.000	8	0	0	12	19	1511212	1511219	381	15.9	-
sRNA-MIMAT0000177	NC_000913.3	100.000	8	0	0	11	18	1526356	1526363	381	15.9	+
sRNA-MIMAT0000177	NC_000913.3	100.000	8	0	0	9	16	1528988	1528995	381	15.9	+
sRNA-MIMAT0000177	NC_000913.3	100.000	8	0	0	3	10	1529545	1529552	381	15.9	+
sRNA-MIMAT0000177	NC_000913.3	90.909	11	1	0	5	15	1535057	1535067	381	15.9	-
sRNA-MIMAT0000177	NC_000913.3	100.000	8	0	0	11	18	1543320	1543327	381	15.9	+
sRNA-MIMAT0000177	NC_000913.3	90.909	11	1	0	10	20	1543569	1543579	381	15.9	-
sRNA-MIMAT0000177	NC_000913.3	100.000	8	0	0	5	12	1546887	1546894	381	15.9	-
sRNA-MIMAT0000177	NC_000913.3	100.000	8	0	0	6	13	1547632	1547639	381	15.9	+
sRNA-MIMAT0000177	NC_000913.3	90.909	11	1	0	5	15	1551874	1551884	381	15.9	+
sRNA-MIMAT0000177	NC_000913.3	90.909	11	1	0	5	15	1551886	1551896	381	15.9	+
sRNA-MIMAT0000177	NC_000913.3	100.000	8	0	0	3	10	1559938	1559945	381	15.9	-
sRNA-MIMAT0000177	NC_000913.3	100.000	8	0	0	4	11	1560974	1560981	381	15.9	+
sRNA-MIMAT0000177	NC_000913.3	100.000	8	0	0	10	17	1568904	1568911	381	15.9	+
sRNA-MIMAT0000177	NC_000913.3	100.000	8	0	0	10	17	1568923	1568930	381	15.9	-
sRNA-MIMAT0000177	NC_000913.3	100.000	8	0	0	5	12	1571457	1571464	381	15.9	-
sRNA-MIMAT0000177	NC_000913.3	100.000	8	0	0	12	19	1582090	1582097	381	15.9	+
sRNA-MIMAT0000177	NC_000913.3	90.909	11	1	0	1	11	1588165	1588175	381	15.9	+
sRNA-MIMAT0000177	NC_000913.3	90.909	11	1	0	5	15	1589680	1589690	381	15.9	+
sRNA-MIMAT0000177	NC_000913.3	90.909	11	1	0	1	11	1589790	1589800	381	15.9	-
sRNA-MIMAT0000177	NC_000913.3	83.333	18	2	1	3	19	1618328	1618345	381	15.9	-
sRNA-MIMAT0000177	NC_000913.3	100.000	8	0	0	3	10	1623675	1623682	381	15.9	-
sRNA-MIMAT0000177	NC_000913.3	100.000	8	0	0	6	13	1633201	1633208	381	15.9	+
sRNA-MIMAT0000177	NC_000913.3	100.000	8	0	0	5	12	1636984	1636991	381	15.9	+
sRNA-MIMAT0000177	NC_000913.3	100.000	8	0	0	5	12	1654310	1654317	381	15.9	-
sRNA-MIMAT0000177	NC_000913.3	100.000	8	0	0	3	10	1667709	1667716	381	15.9	+
sRNA-MIMAT0000177	NC_000913.3	100.000	8	0	0	6	13	1669168	1669175	381	15.9	-
sRNA-MIMAT0000177	NC_000913.3	100.000	8	0	0	2	9	1672361	1672368	381	15.9	+
sRNA-MIMAT0000177	NC_000913.3	90.909	11	1	0	5	15	1677909	1677919	381	15.9	-
sRNA-MIMAT0000177	NC_000913.3	100.000	8	0	0	7	14	1688270	1688277	381	15.9	-
sRNA-MIMAT0000177	NC_000913.3	100.000	8	0	0	5	12	1700617	1700624	381	15.9	-
sRNA-MIMAT0000177	NC_000913.3	100.000	8	0	0	6	13	1701338	1701345	381	15.9	+
sRNA-MIMAT0000177	NC_000913.3	100.000	8	0	0	7	14	1711728	1711735	381	15.9	+
sRNA-MIMAT0000177	NC_000913.3	100.000	8	0	0	1	8	1721118	1721125	381	15.9	+
sRNA-MIMAT0000177	NC_000913.3	100.000	8	0	0	7	14	1729411	1729418	381	15.9	+
sRNA-MIMAT0000177	NC_000913.3	90.909	11	1	0	5	15	1741718	1741728	381	15.9	-
sRNA-MIMAT0000177	NC_000913.3	100.000	8	0	0	8	15	1741808	1741815	381	15.9	-
sRNA-MIMAT0000177	NC_000913.3	100.000	8	0	0	3	10	1744561	1744568	381	15.9	-
sRNA-MIMAT0000177	NC_000913.3	100.000	8	0	0	8	15	1748299	1748306	381	15.9	-
sRNA-MIMAT0000177	NC_000913.3	100.000	8	0	0	6	13	1748814	1748821	381	15.9	-
sRNA-MIMAT0000177	NC_000913.3	100.000	8	0	0	5	12	1751238	1751245	381	15.9	-
sRNA-MIMAT0000177	NC_000913.3	100.000	8	0	0	1	8	1755438	1755445	381	15.9	+
sRNA-MIMAT0000177	NC_000913.3	100.000	8	0	0	6	13	1756106	1756113	381	15.9	+
sRNA-MIMAT0000177	NC_000913.3	100.000	8	0	0	8	15	1761725	1761732	381	15.9	-
sRNA-MIMAT0000177	NC_000913.3	90.909	11	1	0	10	20	1762876	1762886	381	15.9	-
sRNA-MIMAT0000177	NC_000913.3	100.000	8	0	0	6	13	1763252	1763259	381	15.9	-
sRNA-MIMAT0000177	NC_000913.3	100.000	8	0	0	7	14	1764759	1764766	381	15.9	+
sRNA-MIMAT0000177	NC_000913.3	100.000	8	0	0	6	13	1773945	1773952	381	15.9	+
sRNA-MIMAT0000177	NC_000913.3	100.000	8	0	0	6	13	1774221	1774228	381	15.9	+
sRNA-MIMAT0000177	NC_000913.3	90.909	11	1	0	7	17	1777848	1777858	381	15.9	+
sRNA-MIMAT0000177	NC_000913.3	100.000	8	0	0	8	15	1785426	1785433	381	15.9	-
sRNA-MIMAT0000177	NC_000913.3	100.000	8	0	0	9	16	1786813	1786820	381	15.9	+
sRNA-MIMAT0000177	NC_000913.3	100.000	8	0	0	6	13	1787344	1787351	381	15.9	+
sRNA-MIMAT0000177	NC_000913.3	100.000	8	0	0	3	10	1789394	1789401	381	15.9	-
sRNA-MIMAT0000177	NC_000913.3	100.000	8	0	0	5	12	1789945	1789952	381	15.9	-
sRNA-MIMAT0000177	NC_000913.3	100.000	8	0	0	5	12	1793815	1793822	381	15.9	-
sRNA-MIMAT0000177	NC_000913.3	100.000	8	0	0	4	11	1795556	1795563	381	15.9	-
sRNA-MIMAT0000177	NC_000913.3	100.000	8	0	0	5	12	1796570	1796577	381	15.9	-
sRNA-MIMAT0000177	NC_000913.3	100.000	8	0	0	6	13	1797124	1797131	381	15.9	-
sRNA-MIMAT0000177	NC_000913.3	91.667	12	0	1	8	18	1797589	1797600	381	15.9	-
sRNA-MIMAT0000177	NC_000913.3	100.000	8	0	0	11	18	1799373	1799380	381	15.9	-
sRNA-MIMAT0000177	NC_000913.3	85.714	14	2	0	3	16	1803685	1803698	381	15.9	-
sRNA-MIMAT0000177	NC_000913.3	100.000	8	0	0	2	9	1823299	1823306	381	15.9	+
sRNA-MIMAT0000177	NC_000913.3	100.000	8	0	0	10	17	1836745	1836752	381	15.9	-
sRNA-MIMAT0000177	NC_000913.3	91.667	12	0	1	7	18	1839114	1839124	381	15.9	+
sRNA-MIMAT0000177	NC_000913.3	100.000	8	0	0	5	12	1841498	1841505	381	15.9	+
sRNA-MIMAT0000177	NC_000913.3	100.000	8	0	0	1	8	1842494	1842501	381	15.9	-
sRNA-MIMAT0000177	NC_000913.3	100.000	8	0	0	5	12	1846060	1846067	381	15.9	-
sRNA-MIMAT0000177	NC_000913.3	100.000	8	0	0	8	15	1855488	1855495	381	15.9	-
sRNA-MIMAT0000177	NC_000913.3	100.000	8	0	0	13	20	1857070	1857077	381	15.9	-
sRNA-MIMAT0000177	NC_000913.3	100.000	8	0	0	5	12	1857927	1857934	381	15.9	-
sRNA-MIMAT0000177	NC_000913.3	100.000	8	0	0	4	11	1867361	1867368	381	15.9	-
sRNA-MIMAT0000177	NC_000913.3	100.000	8	0	0	8	15	1868146	1868153	381	15.9	+
sRNA-MIMAT0000177	NC_000913.3	100.000	8	0	0	1	8	1868549	1868556	381	15.9	-
sRNA-MIMAT0000177	NC_000913.3	100.000	8	0	0	3	10	1869740	1869747	381	15.9	-
sRNA-MIMAT0000177	NC_000913.3	100.000	8	0	0	6	13	1873977	1873984	381	15.9	-
sRNA-MIMAT0000177	NC_000913.3	100.000	8	0	0	9	16	1875964	1875971	381	15.9	-
sRNA-MIMAT0000177	NC_000913.3	100.000	8	0	0	8	15	1881974	1881981	381	15.9	+
sRNA-MIMAT0000177	NC_000913.3	100.000	8	0	0	5	12	1888333	1888340	381	15.9	-
sRNA-MIMAT0000177	NC_000913.3	100.000	8	0	0	2	9	1895357	1895364	381	15.9	-
sRNA-MIMAT0000177	NC_000913.3	100.000	8	0	0	1	8	1905373	1905380	381	15.9	-
sRNA-MIMAT0000177	NC_000913.3	100.000	8	0	0	5	12	1907188	1907195	381	15.9	+
sRNA-MIMAT0000177	NC_000913.3	100.000	8	0	0	7	14	1908224	1908231	381	15.9	-
sRNA-MIMAT0000177	NC_000913.3	90.909	11	1	0	7	17	1912772	1912782	381	15.9	+
sRNA-MIMAT0000177	NC_000913.3	100.000	8	0	0	5	12	1917770	1917777	381	15.9	+
sRNA-MIMAT0000177	NC_000913.3	90.909	11	1	0	3	13	1927736	1927746	381	15.9	+
sRNA-MIMAT0000177	NC_000913.3	100.000	8	0	0	5	12	1933269	1933276	381	15.9	-
sRNA-MIMAT0000177	NC_000913.3	100.000	8	0	0	5	12	1945347	1945354	381	15.9	-
sRNA-MIMAT0000177	NC_000913.3	100.000	8	0	0	6	13	1953041	1953048	381	15.9	+
sRNA-MIMAT0000177	NC_000913.3	100.000	8	0	0	6	13	1964898	1964905	381	15.9	+
sRNA-MIMAT0000177	NC_000913.3	100.000	8	0	0	4	11	1968353	1968360	381	15.9	+
sRNA-MIMAT0000177	NC_000913.3	100.000	8	0	0	8	15	1972591	1972598	381	15.9	+
sRNA-MIMAT0000177	NC_000913.3	100.000	8	0	0	8	15	1978686	1978693	381	15.9	-
sRNA-MIMAT0000177	NC_000913.3	100.000	8	0	0	11	18	1984549	1984556	381	15.9	+
sRNA-MIMAT0000177	NC_000913.3	90.909	11	1	0	7	17	1991119	1991129	381	15.9	-
sRNA-MIMAT0000177	NC_000913.3	100.000	8	0	0	6	13	1993019	1993026	381	15.9	-
sRNA-MIMAT0000177	NC_000913.3	90.909	11	1	0	1	11	1993669	1993679	381	15.9	+
sRNA-MIMAT0000177	NC_000913.3	100.000	8	0	0	14	21	2011690	2011697	381	15.9	+
sRNA-MIMAT0000177	NC_000913.3	100.000	8	0	0	3	10	2011760	2011767	381	15.9	-
sRNA-MIMAT0000177	NC_000913.3	90.909	11	1	0	8	18	2024104	2024114	381	15.9	-
sRNA-MIMAT0000177	NC_000913.3	100.000	8	0	0	7	14	2029385	2029392	381	15.9	+
sRNA-MIMAT0000177	NC_000913.3	100.000	8	0	0	8	15	2035893	2035900	381	15.9	-
sRNA-MIMAT0000177	NC_000913.3	100.000	8	0	0	7	14	2043392	2043399	381	15.9	-
sRNA-MIMAT0000177	NC_000913.3	100.000	8	0	0	8	15	2044342	2044349	381	15.9	-
sRNA-MIMAT0000177	NC_000913.3	100.000	8	0	0	5	12	2046446	2046453	381	15.9	+
sRNA-MIMAT0000177	NC_000913.3	100.000	8	0	0	8	15	2051225	2051232	381	15.9	+
sRNA-MIMAT0000177	NC_000913.3	90.909	11	1	0	9	19	2052679	2052689	381	15.9	-
sRNA-MIMAT0000177	NC_000913.3	91.667	12	0	1	8	18	2053675	2053686	381	15.9	+
sRNA-MIMAT0000177	NC_000913.3	100.000	8	0	0	7	14	2057501	2057508	381	15.9	+
sRNA-MIMAT0000177	NC_000913.3	82.353	17	3	0	3	19	2058445	2058461	381	15.9	-
sRNA-MIMAT0000177	NC_000913.3	100.000	8	0	0	10	17	2058582	2058589	381	15.9	+
sRNA-MIMAT0000177	NC_000913.3	100.000	8	0	0	3	10	2065890	2065897	381	15.9	-
sRNA-MIMAT0000177	NC_000913.3	100.000	8	0	0	3	10	2065981	2065988	381	15.9	+
sRNA-MIMAT0000177	NC_000913.3	90.909	11	1	0	3	13	2079336	2079346	381	15.9	+
sRNA-MIMAT0000177	NC_000913.3	100.000	8	0	0	4	11	2083960	2083967	381	15.9	+
sRNA-MIMAT0000177	NC_000913.3	100.000	8	0	0	1	8	2087118	2087125	381	15.9	+
sRNA-MIMAT0000177	NC_000913.3	90.909	11	1	0	2	12	2087199	2087209	381	15.9	+
sRNA-MIMAT0000177	NC_000913.3	100.000	8	0	0	1	8	2090802	2090809	381	15.9	-
sRNA-MIMAT0000177	NC_000913.3	100.000	8	0	0	2	9	2103827	2103834	381	15.9	+
sRNA-MIMAT0000177	NC_000913.3	100.000	8	0	0	2	9	2108984	2108991	381	15.9	-
sRNA-MIMAT0000177	NC_000913.3	100.000	8	0	0	3	10	2118309	2118316	381	15.9	+
sRNA-MIMAT0000177	NC_000913.3	100.000	8	0	0	6	13	2120365	2120372	381	15.9	-
sRNA-MIMAT0000177	NC_000913.3	85.714	14	2	0	6	19	2123145	2123158	381	15.9	-
sRNA-MIMAT0000177	NC_000913.3	100.000	8	0	0	5	12	2134128	2134135	381	15.9	-
sRNA-MIMAT0000177	NC_000913.3	100.000	8	0	0	1	8	2137229	2137236	381	15.9	+
sRNA-MIMAT0000177	NC_000913.3	100.000	8	0	0	5	12	2144495	2144502	381	15.9	+
sRNA-MIMAT0000177	NC_000913.3	100.000	8	0	0	5	12	2166111	2166118	381	15.9	+
sRNA-MIMAT0000177	NC_000913.3	100.000	8	0	0	5	12	2176189	2176196	381	15.9	-
sRNA-MIMAT0000177	NC_000913.3	100.000	8	0	0	5	12	2178024	2178031	381	15.9	-
sRNA-MIMAT0000177	NC_000913.3	100.000	8	0	0	3	10	2180203	2180210	381	15.9	+
sRNA-MIMAT0000177	NC_000913.3	90.909	11	1	0	6	16	2180680	2180690	381	15.9	-
sRNA-MIMAT0000177	NC_000913.3	100.000	8	0	0	3	10	2191437	2191444	381	15.9	-
sRNA-MIMAT0000177	NC_000913.3	85.714	14	2	0	1	14	2193712	2193725	381	15.9	+
sRNA-MIMAT0000177	NC_000913.3	100.000	8	0	0	3	10	2194357	2194364	381	15.9	-
sRNA-MIMAT0000177	NC_000913.3	100.000	8	0	0	7	14	2196337	2196344	381	15.9	-
sRNA-MIMAT0000177	NC_000913.3	100.000	8	0	0	9	16	2206855	2206862	381	15.9	-
sRNA-MIMAT0000177	NC_000913.3	100.000	8	0	0	7	14	2210724	2210731	381	15.9	+
sRNA-MIMAT0000177	NC_000913.3	100.000	8	0	0	9	16	2217325	2217332	381	15.9	-
sRNA-MIMAT0000177	NC_000913.3	90.909	11	1	0	7	17	2232561	2232571	381	15.9	+
sRNA-MIMAT0000177	NC_000913.3	100.000	8	0	0	11	18	2235252	2235259	381	15.9	+
sRNA-MIMAT0000177	NC_000913.3	100.000	8	0	0	6	13	2246078	2246085	381	15.9	-
sRNA-MIMAT0000177	NC_000913.3	100.000	8	0	0	9	16	2247050	2247057	381	15.9	+
sRNA-MIMAT0000177	NC_000913.3	100.000	8	0	0	5	12	2248889	2248896	381	15.9	-
sRNA-MIMAT0000177	NC_000913.3	100.000	8	0	0	6	13	2249182	2249189	381	15.9	-
sRNA-MIMAT0000177	NC_000913.3	100.000	8	0	0	8	15	2257344	2257351	381	15.9	-
sRNA-MIMAT0000177	NC_000913.3	100.000	8	0	0	5	12	2261744	2261751	381	15.9	-
sRNA-MIMAT0000177	NC_000913.3	100.000	8	0	0	5	12	2265746	2265753	381	15.9	+
sRNA-MIMAT0000177	NC_000913.3	91.667	12	0	1	3	14	2287286	2287296	381	15.9	+
sRNA-MIMAT0000177	NC_000913.3	90.909	11	1	0	8	18	2290943	2290953	381	15.9	-
sRNA-MIMAT0000177	NC_000913.3	100.000	8	0	0	8	15	2306912	2306919	381	15.9	+
sRNA-MIMAT0000177	NC_000913.3	90.909	11	1	0	7	17	2308028	2308038	381	15.9	-
sRNA-MIMAT0000177	NC_000913.3	100.000	8	0	0	11	18	2310410	2310417	381	15.9	-
sRNA-MIMAT0000177	NC_000913.3	86.667	15	1	1	2	15	2323338	2323352	381	15.9	-
sRNA-MIMAT0000177	NC_000913.3	100.000	8	0	0	3	10	2335160	2335167	381	15.9	+
sRNA-MIMAT0000177	NC_000913.3	90.909	11	1	0	1	11	2336744	2336754	381	15.9	-
sRNA-MIMAT0000177	NC_000913.3	90.909	11	1	0	5	15	2338499	2338509	381	15.9	-
sRNA-MIMAT0000177	NC_000913.3	100.000	8	0	0	13	20	2339361	2339368	381	15.9	+
sRNA-MIMAT0000177	NC_000913.3	90.909	11	1	0	6	16	2344120	2344130	381	15.9	+
sRNA-MIMAT0000177	NC_000913.3	90.909	11	1	0	3	13	2347103	2347113	381	15.9	-
sRNA-MIMAT0000177	NC_000913.3	90.909	11	1	0	9	19	2347837	2347847	381	15.9	+
sRNA-MIMAT0000177	NC_000913.3	100.000	8	0	0	9	16	2354492	2354499	381	15.9	-
sRNA-MIMAT0000177	NC_000913.3	100.000	8	0	0	3	10	2362462	2362469	381	15.9	-
sRNA-MIMAT0000177	NC_000913.3	100.000	8	0	0	1	8	2367696	2367703	381	15.9	-
sRNA-MIMAT0000177	NC_000913.3	100.000	8	0	0	3	10	2369161	2369168	381	15.9	+
sRNA-MIMAT0000177	NC_000913.3	100.000	8	0	0	5	12	2378983	2378990	381	15.9	-
sRNA-MIMAT0000177	NC_000913.3	90.909	11	1	0	3	13	2391216	2391226	381	15.9	-
sRNA-MIMAT0000177	NC_000913.3	90.909	11	1	0	4	14	2412826	2412836	381	15.9	+
sRNA-MIMAT0000177	NC_000913.3	100.000	8	0	0	4	11	2416110	2416117	381	15.9	+
sRNA-MIMAT0000177	NC_000913.3	100.000	8	0	0	11	18	2416346	2416353	381	15.9	-
sRNA-MIMAT0000177	NC_000913.3	100.000	8	0	0	1	8	2416656	2416663	381	15.9	-
sRNA-MIMAT0000177	NC_000913.3	100.000	8	0	0	1	8	2417097	2417104	381	15.9	-
sRNA-MIMAT0000177	NC_000913.3	100.000	8	0	0	5	12	2424203	2424210	381	15.9	+
sRNA-MIMAT0000177	NC_000913.3	90.909	11	1	0	1	11	2427977	2427987	381	15.9	+
sRNA-MIMAT0000177	NC_000913.3	90.909	11	1	0	1	11	2428356	2428366	381	15.9	+
sRNA-MIMAT0000177	NC_000913.3	100.000	8	0	0	3	10	2430750	2430757	381	15.9	-
sRNA-MIMAT0000177	NC_000913.3	100.000	8	0	0	11	18	2436674	2436681	381	15.9	-
sRNA-MIMAT0000177	NC_000913.3	100.000	8	0	0	7	14	2443741	2443748	381	15.9	+
sRNA-MIMAT0000177	NC_000913.3	100.000	8	0	0	1	8	2448896	2448903	381	15.9	+
sRNA-MIMAT0000177	NC_000913.3	100.000	8	0	0	5	12	2449118	2449125	381	15.9	+
sRNA-MIMAT0000177	NC_000913.3	100.000	8	0	0	2	9	2457558	2457565	381	15.9	+
sRNA-MIMAT0000177	NC_000913.3	100.000	8	0	0	2	9	2458725	2458732	381	15.9	-
sRNA-MIMAT0000177	NC_000913.3	100.000	8	0	0	8	15	2462805	2462812	381	15.9	+
sRNA-MIMAT0000177	NC_000913.3	100.000	8	0	0	5	12	2466562	2466569	381	15.9	+
sRNA-MIMAT0000177	NC_000913.3	100.000	8	0	0	8	15	2467110	2467117	381	15.9	+
sRNA-MIMAT0000177	NC_000913.3	100.000	8	0	0	5	12	2474538	2474545	381	15.9	+
sRNA-MIMAT0000177	NC_000913.3	100.000	8	0	0	9	16	2483721	2483728	381	15.9	+
sRNA-MIMAT0000177	NC_000913.3	100.000	8	0	0	5	12	2488148	2488155	381	15.9	-
sRNA-MIMAT0000177	NC_000913.3	100.000	8	0	0	10	17	2489273	2489280	381	15.9	+
sRNA-MIMAT0000177	NC_000913.3	100.000	8	0	0	6	13	2490614	2490621	381	15.9	-
sRNA-MIMAT0000177	NC_000913.3	100.000	8	0	0	3	10	2492904	2492911	381	15.9	+
sRNA-MIMAT0000177	NC_000913.3	100.000	8	0	0	7	14	2495973	2495980	381	15.9	+
sRNA-MIMAT0000177	NC_000913.3	91.667	12	0	1	1	12	2511826	2511836	381	15.9	-
sRNA-MIMAT0000177	NC_000913.3	100.000	8	0	0	11	18	2513462	2513469	381	15.9	-
sRNA-MIMAT0000177	NC_000913.3	90.909	11	1	0	5	15	2514099	2514109	381	15.9	-
sRNA-MIMAT0000177	NC_000913.3	100.000	8	0	0	3	10	2517484	2517491	381	15.9	-
sRNA-MIMAT0000177	NC_000913.3	100.000	8	0	0	4	11	2522178	2522185	381	15.9	-
sRNA-MIMAT0000177	NC_000913.3	100.000	8	0	0	4	11	2522211	2522218	381	15.9	-
sRNA-MIMAT0000177	NC_000913.3	100.000	8	0	0	13	20	2524098	2524105	381	15.9	-
sRNA-MIMAT0000177	NC_000913.3	100.000	8	0	0	5	12	2528544	2528551	381	15.9	-
sRNA-MIMAT0000177	NC_000913.3	100.000	8	0	0	7	14	2534283	2534290	381	15.9	+
sRNA-MIMAT0000177	NC_000913.3	100.000	8	0	0	3	10	2544728	2544735	381	15.9	-
sRNA-MIMAT0000177	NC_000913.3	100.000	8	0	0	6	13	2547396	2547403	381	15.9	+
sRNA-MIMAT0000177	NC_000913.3	90.909	11	1	0	2	12	2550143	2550153	381	15.9	-
sRNA-MIMAT0000177	NC_000913.3	91.667	12	0	1	1	12	2551727	2551737	381	15.9	-
sRNA-MIMAT0000177	NC_000913.3	100.000	8	0	0	5	12	2556667	2556674	381	15.9	-
sRNA-MIMAT0000177	NC_000913.3	100.000	8	0	0	5	12	2557276	2557283	381	15.9	-
sRNA-MIMAT0000177	NC_000913.3	100.000	8	0	0	8	15	2563443	2563450	381	15.9	-
sRNA-MIMAT0000177	NC_000913.3	100.000	8	0	0	3	10	2565306	2565313	381	15.9	+
sRNA-MIMAT0000177	NC_000913.3	90.909	11	1	0	5	15	2583166	2583176	381	15.9	-
sRNA-MIMAT0000177	NC_000913.3	100.000	8	0	0	1	8	2584304	2584311	381	15.9	-
sRNA-MIMAT0000177	NC_000913.3	100.000	8	0	0	5	12	2584919	2584926	381	15.9	-
sRNA-MIMAT0000177	NC_000913.3	100.000	8	0	0	6	13	2593834	2593841	381	15.9	+
sRNA-MIMAT0000177	NC_000913.3	100.000	8	0	0	8	15	2595805	2595812	381	15.9	-
sRNA-MIMAT0000177	NC_000913.3	100.000	8	0	0	2	9	2599013	2599020	381	15.9	+
sRNA-MIMAT0000177	NC_000913.3	100.000	8	0	0	8	15	2606902	2606909	381	15.9	+
sRNA-MIMAT0000177	NC_000913.3	100.000	8	0	0	7	14	2608111	2608118	381	15.9	-
sRNA-MIMAT0000177	NC_000913.3	90.909	11	1	0	5	15	2623139	2623149	381	15.9	+
sRNA-MIMAT0000177	NC_000913.3	100.000	8	0	0	5	12	2627111	2627118	381	15.9	-
sRNA-MIMAT0000177	NC_000913.3	100.000	8	0	0	5	12	2637116	2637123	381	15.9	-
sRNA-MIMAT0000177	NC_000913.3	100.000	8	0	0	6	13	2637211	2637218	381	15.9	-
sRNA-MIMAT0000177	NC_000913.3	100.000	8	0	0	8	15	2640323	2640330	381	15.9	-
sRNA-MIMAT0000177	NC_000913.3	100.000	8	0	0	6	13	2640496	2640503	381	15.9	-
sRNA-MIMAT0000177	NC_000913.3	100.000	8	0	0	2	9	2646060	2646067	381	15.9	-
sRNA-MIMAT0000177	NC_000913.3	100.000	8	0	0	6	13	2649475	2649482	381	15.9	-
sRNA-MIMAT0000177	NC_000913.3	100.000	8	0	0	7	14	2651736	2651743	381	15.9	-
sRNA-MIMAT0000177	NC_000913.3	100.000	8	0	0	11	18	2660075	2660082	381	15.9	+
sRNA-MIMAT0000177	NC_000913.3	100.000	8	0	0	6	13	2678497	2678504	381	15.9	-
sRNA-MIMAT0000177	NC_000913.3	100.000	8	0	0	7	14	2687374	2687381	381	15.9	+
sRNA-MIMAT0000177	NC_000913.3	100.000	8	0	0	8	15	2693653	2693660	381	15.9	-
sRNA-MIMAT0000177	NC_000913.3	100.000	8	0	0	5	12	2699477	2699484	381	15.9	-
sRNA-MIMAT0000177	NC_000913.3	90.909	11	1	0	9	19	2709958	2709968	381	15.9	-
sRNA-MIMAT0000177	NC_000913.3	100.000	8	0	0	10	17	2724976	2724983	381	15.9	+
sRNA-MIMAT0000177	NC_000913.3	90.909	11	1	0	7	17	2725276	2725286	381	15.9	-
sRNA-MIMAT0000177	NC_000913.3	100.000	8	0	0	9	16	2730701	2730708	381	15.9	-
sRNA-MIMAT0000177	NC_000913.3	100.000	8	0	0	5	12	2735795	2735802	381	15.9	-
sRNA-MIMAT0000177	NC_000913.3	90.909	11	1	0	2	12	2746062	2746072	381	15.9	+
sRNA-MIMAT0000177	NC_000913.3	100.000	8	0	0	3	10	2748409	2748416	381	15.9	+
sRNA-MIMAT0000177	NC_000913.3	100.000	8	0	0	13	20	2758355	2758362	381	15.9	-
sRNA-MIMAT0000177	NC_000913.3	100.000	8	0	0	3	10	2758803	2758810	381	15.9	+
sRNA-MIMAT0000177	NC_000913.3	100.000	8	0	0	6	13	2762351	2762358	381	15.9	-
sRNA-MIMAT0000177	NC_000913.3	100.000	8	0	0	6	13	2766686	2766693	381	15.9	+
sRNA-MIMAT0000177	NC_000913.3	90.909	11	1	0	10	20	2767741	2767751	381	15.9	-
sRNA-MIMAT0000177	NC_000913.3	100.000	8	0	0	11	18	2770161	2770168	381	15.9	-
sRNA-MIMAT0000177	NC_000913.3	100.000	8	0	0	1	8	2779107	2779114	381	15.9	+
sRNA-MIMAT0000177	NC_000913.3	100.000	8	0	0	1	8	2779149	2779156	381	15.9	+
sRNA-MIMAT0000177	NC_000913.3	100.000	8	0	0	3	10	2782952	2782959	381	15.9	-
sRNA-MIMAT0000177	NC_000913.3	100.000	8	0	0	6	13	2803463	2803470	381	15.9	+
sRNA-MIMAT0000177	NC_000913.3	100.000	8	0	0	8	15	2806216	2806223	381	15.9	+
sRNA-MIMAT0000177	NC_000913.3	100.000	8	0	0	5	12	2806720	2806727	381	15.9	+
sRNA-MIMAT0000177	NC_000913.3	100.000	8	0	0	11	18	2821926	2821933	381	15.9	+
sRNA-MIMAT0000177	NC_000913.3	100.000	8	0	0	6	13	2841519	2841526	381	15.9	-
sRNA-MIMAT0000177	NC_000913.3	100.000	8	0	0	6	13	2851409	2851416	381	15.9	+
sRNA-MIMAT0000177	NC_000913.3	100.000	8	0	0	3	10	2851779	2851786	381	15.9	-
sRNA-MIMAT0000177	NC_000913.3	100.000	8	0	0	11	18	2855760	2855767	381	15.9	-
sRNA-MIMAT0000177	NC_000913.3	100.000	8	0	0	6	13	2857660	2857667	381	15.9	+
sRNA-MIMAT0000177	NC_000913.3	86.667	15	1	1	1	14	2864360	2864374	381	15.9	-
sRNA-MIMAT0000177	NC_000913.3	100.000	8	0	0	4	11	2866256	2866263	381	15.9	+
sRNA-MIMAT0000177	NC_000913.3	90.909	11	1	0	8	18	2881159	2881169	381	15.9	-
sRNA-MIMAT0000177	NC_000913.3	100.000	8	0	0	11	18	2882734	2882741	381	15.9	+
sRNA-MIMAT0000177	NC_000913.3	91.667	12	0	1	4	15	2884585	2884595	381	15.9	-
sRNA-MIMAT0000177	NC_000913.3	90.909	11	1	0	6	16	2905537	2905547	381	15.9	+
sRNA-MIMAT0000177	NC_000913.3	100.000	8	0	0	1	8	2907627	2907634	381	15.9	+
sRNA-MIMAT0000177	NC_000913.3	100.000	8	0	0	5	12	2908220	2908227	381	15.9	-
sRNA-MIMAT0000177	NC_000913.3	100.000	8	0	0	2	9	2909499	2909506	381	15.9	+
sRNA-MIMAT0000177	NC_000913.3	100.000	8	0	0	5	12	2916388	2916395	381	15.9	+
sRNA-MIMAT0000177	NC_000913.3	100.000	8	0	0	5	12	2917369	2917376	381	15.9	+
sRNA-MIMAT0000177	NC_000913.3	100.000	8	0	0	10	17	2924164	2924171	381	15.9	+
sRNA-MIMAT0000177	NC_000913.3	100.000	8	0	0	1	8	2924729	2924736	381	15.9	+
sRNA-MIMAT0000177	NC_000913.3	100.000	8	0	0	6	13	2937303	2937310	381	15.9	+
sRNA-MIMAT0000177	NC_000913.3	86.667	15	1	1	5	19	2938442	2938455	381	15.9	+
sRNA-MIMAT0000177	NC_000913.3	100.000	8	0	0	8	15	2939886	2939893	381	15.9	+
sRNA-MIMAT0000177	NC_000913.3	100.000	8	0	0	1	8	2945941	2945948	381	15.9	+
sRNA-MIMAT0000177	NC_000913.3	100.000	8	0	0	1	8	2950542	2950549	381	15.9	-
sRNA-MIMAT0000177	NC_000913.3	83.333	18	1	2	5	20	2955531	2955548	381	15.9	-
sRNA-MIMAT0000177	NC_000913.3	100.000	8	0	0	5	12	2955937	2955944	381	15.9	-
sRNA-MIMAT0000177	NC_000913.3	100.000	8	0	0	8	15	2968215	2968222	381	15.9	-
sRNA-MIMAT0000177	NC_000913.3	100.000	8	0	0	6	13	2970750	2970757	381	15.9	+
sRNA-MIMAT0000177	NC_000913.3	100.000	8	0	0	6	13	2985134	2985141	381	15.9	+
sRNA-MIMAT0000177	NC_000913.3	100.000	8	0	0	8	15	2986056	2986063	381	15.9	+
sRNA-MIMAT0000177	NC_000913.3	100.000	8	0	0	6	13	2986771	2986778	381	15.9	+
sRNA-MIMAT0000177	NC_000913.3	100.000	8	0	0	3	10	2987788	2987795	381	15.9	+
sRNA-MIMAT0000177	NC_000913.3	100.000	8	0	0	4	11	2993915	2993922	381	15.9	-
sRNA-MIMAT0000177	NC_000913.3	90.909	11	1	0	5	15	2995038	2995048	381	15.9	-
sRNA-MIMAT0000177	NC_000913.3	100.000	8	0	0	1	8	2995164	2995171	381	15.9	-
sRNA-MIMAT0000177	NC_000913.3	100.000	8	0	0	11	18	2995308	2995315	381	15.9	+
sRNA-MIMAT0000177	NC_000913.3	90.909	11	1	0	7	17	3008723	3008733	381	15.9	-
sRNA-MIMAT0000177	NC_000913.3	100.000	8	0	0	5	12	3014062	3014069	381	15.9	-
sRNA-MIMAT0000177	NC_000913.3	100.000	8	0	0	2	9	3015590	3015597	381	15.9	-
sRNA-MIMAT0000177	NC_000913.3	100.000	8	0	0	3	10	3018653	3018660	381	15.9	-
sRNA-MIMAT0000177	NC_000913.3	100.000	8	0	0	3	10	3023843	3023850	381	15.9	-
sRNA-MIMAT0000177	NC_000913.3	100.000	8	0	0	5	12	3043461	3043468	381	15.9	-
sRNA-MIMAT0000177	NC_000913.3	90.909	11	1	0	7	17	3044665	3044675	381	15.9	+
sRNA-MIMAT0000177	NC_000913.3	86.667	15	1	1	1	15	3053416	3053429	381	15.9	-
sRNA-MIMAT0000177	NC_000913.3	91.667	12	0	1	2	12	3067930	3067941	381	15.9	-
sRNA-MIMAT0000177	NC_000913.3	100.000	8	0	0	7	14	3074391	3074398	381	15.9	+
sRNA-MIMAT0000177	NC_000913.3	100.000	8	0	0	6	13	3075920	3075927	381	15.9	-
sRNA-MIMAT0000177	NC_000913.3	100.000	8	0	0	12	19	3085824	3085831	381	15.9	+
sRNA-MIMAT0000177	NC_000913.3	90.909	11	1	0	10	20	3086125	3086135	381	15.9	-
sRNA-MIMAT0000177	NC_000913.3	100.000	8	0	0	5	12	3092753	3092760	381	15.9	+
sRNA-MIMAT0000177	NC_000913.3	100.000	8	0	0	5	12	3099690	3099697	381	15.9	+
sRNA-MIMAT0000177	NC_000913.3	100.000	8	0	0	3	10	3101361	3101368	381	15.9	-
sRNA-MIMAT0000177	NC_000913.3	100.000	8	0	0	4	11	3110394	3110401	381	15.9	+
sRNA-MIMAT0000177	NC_000913.3	100.000	8	0	0	6	13	3112157	3112164	381	15.9	+
sRNA-MIMAT0000177	NC_000913.3	100.000	8	0	0	8	15	3114897	3114904	381	15.9	-
sRNA-MIMAT0000177	NC_000913.3	100.000	8	0	0	14	21	3116327	3116334	381	15.9	-
sRNA-MIMAT0000177	NC_000913.3	100.000	8	0	0	5	12	3124745	3124752	381	15.9	-
sRNA-MIMAT0000177	NC_000913.3	100.000	8	0	0	5	12	3129189	3129196	381	15.9	-
sRNA-MIMAT0000177	NC_000913.3	100.000	8	0	0	6	13	3131972	3131979	381	15.9	+
sRNA-MIMAT0000177	NC_000913.3	100.000	8	0	0	11	18	3133766	3133773	381	15.9	+
sRNA-MIMAT0000177	NC_000913.3	100.000	8	0	0	5	12	3140436	3140443	381	15.9	-
sRNA-MIMAT0000177	NC_000913.3	100.000	8	0	0	6	13	3140687	3140694	381	15.9	+
sRNA-MIMAT0000177	NC_000913.3	100.000	8	0	0	5	12	3147077	3147084	381	15.9	-
sRNA-MIMAT0000177	NC_000913.3	100.000	8	0	0	8	15	3148634	3148641	381	15.9	+
sRNA-MIMAT0000177	NC_000913.3	100.000	8	0	0	3	10	3150217	3150224	381	15.9	-
sRNA-MIMAT0000177	NC_000913.3	100.000	8	0	0	5	12	3151834	3151841	381	15.9	+
sRNA-MIMAT0000177	NC_000913.3	100.000	8	0	0	10	17	3155342	3155349	381	15.9	+
sRNA-MIMAT0000177	NC_000913.3	100.000	8	0	0	14	21	3161137	3161144	381	15.9	-
sRNA-MIMAT0000177	NC_000913.3	100.000	8	0	0	6	13	3161471	3161478	381	15.9	-
sRNA-MIMAT0000177	NC_000913.3	100.000	8	0	0	5	12	3164062	3164069	381	15.9	-
sRNA-MIMAT0000177	NC_000913.3	100.000	8	0	0	1	8	3167030	3167037	381	15.9	+
sRNA-MIMAT0000177	NC_000913.3	100.000	8	0	0	1	8	3168430	3168437	381	15.9	-
sRNA-MIMAT0000177	NC_000913.3	90.909	11	1	0	6	16	3169685	3169695	381	15.9	-
sRNA-MIMAT0000177	NC_000913.3	100.000	8	0	0	5	12	3170346	3170353	381	15.9	+
sRNA-MIMAT0000177	NC_000913.3	100.000	8	0	0	4	11	3172297	3172304	381	15.9	-
sRNA-MIMAT0000177	NC_000913.3	100.000	8	0	0	14	21	3173113	3173120	381	15.9	-
sRNA-MIMAT0000177	NC_000913.3	100.000	8	0	0	5	12	3177565	3177572	381	15.9	-
sRNA-MIMAT0000177	NC_000913.3	100.000	8	0	0	5	12	3177610	3177617	381	15.9	-
sRNA-MIMAT0000177	NC_000913.3	100.000	8	0	0	3	10	3178396	3178403	381	15.9	-
sRNA-MIMAT0000177	NC_000913.3	90.909	11	1	0	6	16	3179676	3179686	381	15.9	-
sRNA-MIMAT0000177	NC_000913.3	100.000	8	0	0	10	17	3191019	3191026	381	15.9	+
sRNA-MIMAT0000177	NC_000913.3	100.000	8	0	0	4	11	3193446	3193453	381	15.9	-
sRNA-MIMAT0000177	NC_000913.3	100.000	8	0	0	10	17	3204847	3204854	381	15.9	+
sRNA-MIMAT0000177	NC_000913.3	100.000	8	0	0	5	12	3207781	3207788	381	15.9	+
sRNA-MIMAT0000177	NC_000913.3	100.000	8	0	0	11	18	3212539	3212546	381	15.9	-
sRNA-MIMAT0000177	NC_000913.3	100.000	8	0	0	13	20	3212813	3212820	381	15.9	+
sRNA-MIMAT0000177	NC_000913.3	100.000	8	0	0	5	12	3214084	3214091	381	15.9	+
sRNA-MIMAT0000177	NC_000913.3	100.000	8	0	0	4	11	3215511	3215518	381	15.9	+
sRNA-MIMAT0000177	NC_000913.3	100.000	8	0	0	5	12	3217210	3217217	381	15.9	+
sRNA-MIMAT0000177	NC_000913.3	100.000	8	0	0	6	13	3228026	3228033	381	15.9	+
sRNA-MIMAT0000177	NC_000913.3	100.000	8	0	0	4	11	3229959	3229966	381	15.9	-
sRNA-MIMAT0000177	NC_000913.3	100.000	8	0	0	9	16	3239603	3239610	381	15.9	-
sRNA-MIMAT0000177	NC_000913.3	100.000	8	0	0	5	12	3253527	3253534	381	15.9	-
sRNA-MIMAT0000177	NC_000913.3	100.000	8	0	0	8	15	3255454	3255461	381	15.9	-
sRNA-MIMAT0000177	NC_000913.3	100.000	8	0	0	6	13	3263465	3263472	381	15.9	-
sRNA-MIMAT0000177	NC_000913.3	100.000	8	0	0	5	12	3263847	3263854	381	15.9	-
sRNA-MIMAT0000177	NC_000913.3	100.000	8	0	0	1	8	3265690	3265697	381	15.9	+
sRNA-MIMAT0000177	NC_000913.3	100.000	8	0	0	10	17	3271130	3271137	381	15.9	-
sRNA-MIMAT0000177	NC_000913.3	100.000	8	0	0	6	13	3272504	3272511	381	15.9	-
sRNA-MIMAT0000177	NC_000913.3	90.909	11	1	0	3	13	3273666	3273676	381	15.9	+
sRNA-MIMAT0000177	NC_000913.3	100.000	8	0	0	3	10	3277521	3277528	381	15.9	-
sRNA-MIMAT0000177	NC_000913.3	100.000	8	0	0	5	12	3279048	3279055	381	15.9	+
sRNA-MIMAT0000177	NC_000913.3	100.000	8	0	0	5	12	3279819	3279826	381	15.9	+
sRNA-MIMAT0000177	NC_000913.3	100.000	8	0	0	8	15	3288520	3288527	381	15.9	+
sRNA-MIMAT0000177	NC_000913.3	100.000	8	0	0	5	12	3289830	3289837	381	15.9	+
sRNA-MIMAT0000177	NC_000913.3	100.000	8	0	0	1	8	3292040	3292047	381	15.9	+
sRNA-MIMAT0000177	NC_000913.3	100.000	8	0	0	2	9	3294944	3294951	381	15.9	-
sRNA-MIMAT0000177	NC_000913.3	100.000	8	0	0	6	13	3302295	3302302	381	15.9	+
sRNA-MIMAT0000177	NC_000913.3	100.000	8	0	0	5	12	3302761	3302768	381	15.9	+
sRNA-MIMAT0000177	NC_000913.3	100.000	8	0	0	6	13	3309631	3309638	381	15.9	-
sRNA-MIMAT0000177	NC_000913.3	91.667	12	0	1	5	15	3313733	3313744	381	15.9	-
sRNA-MIMAT0000177	NC_000913.3	100.000	8	0	0	7	14	3316210	3316217	381	15.9	-
sRNA-MIMAT0000177	NC_000913.3	100.000	8	0	0	10	17	3318736	3318743	381	15.9	+
sRNA-MIMAT0000177	NC_000913.3	100.000	8	0	0	4	11	3319746	3319753	381	15.9	-
sRNA-MIMAT0000177	NC_000913.3	100.000	8	0	0	1	8	3324475	3324482	381	15.9	+
sRNA-MIMAT0000177	NC_000913.3	100.000	8	0	0	10	17	3324552	3324559	381	15.9	+
sRNA-MIMAT0000177	NC_000913.3	100.000	8	0	0	4	11	3327762	3327769	381	15.9	-
sRNA-MIMAT0000177	NC_000913.3	100.000	8	0	0	5	12	3336809	3336816	381	15.9	-
sRNA-MIMAT0000177	NC_000913.3	100.000	8	0	0	5	12	3348151	3348158	381	15.9	+
sRNA-MIMAT0000177	NC_000913.3	100.000	8	0	0	5	12	3350261	3350268	381	15.9	-
sRNA-MIMAT0000177	NC_000913.3	91.667	12	0	1	5	15	3361542	3361553	381	15.9	+
sRNA-MIMAT0000177	NC_000913.3	90.909	11	1	0	3	13	3364796	3364806	381	15.9	-
sRNA-MIMAT0000177	NC_000913.3	91.667	12	0	1	2	12	3364995	3365006	381	15.9	+
sRNA-MIMAT0000177	NC_000913.3	100.000	8	0	0	1	8	3365425	3365432	381	15.9	+
sRNA-MIMAT0000177	NC_000913.3	100.000	8	0	0	6	13	3370876	3370883	381	15.9	-
sRNA-MIMAT0000177	NC_000913.3	100.000	8	0	0	4	11	3374536	3374543	381	15.9	+
sRNA-MIMAT0000177	NC_000913.3	100.000	8	0	0	6	13	3389773	3389780	381	15.9	-
sRNA-MIMAT0000177	NC_000913.3	90.909	11	1	0	9	19	3390135	3390145	381	15.9	+
sRNA-MIMAT0000177	NC_000913.3	100.000	8	0	0	5	12	3400661	3400668	381	15.9	-
sRNA-MIMAT0000177	NC_000913.3	90.909	11	1	0	4	14	3402200	3402210	381	15.9	-
sRNA-MIMAT0000177	NC_000913.3	100.000	8	0	0	9	16	3428306	3428313	381	15.9	-
sRNA-MIMAT0000177	NC_000913.3	100.000	8	0	0	3	10	3433910	3433917	381	15.9	-
sRNA-MIMAT0000177	NC_000913.3	100.000	8	0	0	2	9	3434581	3434588	381	15.9	-
sRNA-MIMAT0000177	NC_000913.3	100.000	8	0	0	6	13	3434934	3434941	381	15.9	+
sRNA-MIMAT0000177	NC_000913.3	100.000	8	0	0	3	10	3439203	3439210	381	15.9	-
sRNA-MIMAT0000177	NC_000913.3	100.000	8	0	0	13	20	3453277	3453284	381	15.9	-
sRNA-MIMAT0000177	NC_000913.3	100.000	8	0	0	5	12	3456907	3456914	381	15.9	+
sRNA-MIMAT0000177	NC_000913.3	100.000	8	0	0	7	14	3460133	3460140	381	15.9	+
sRNA-MIMAT0000177	NC_000913.3	100.000	8	0	0	5	12	3464734	3464741	381	15.9	+
sRNA-MIMAT0000177	NC_000913.3	90.909	11	1	0	1	11	3470118	3470128	381	15.9	-
sRNA-MIMAT0000177	NC_000913.3	100.000	8	0	0	8	15	3489004	3489011	381	15.9	-
sRNA-MIMAT0000177	NC_000913.3	100.000	8	0	0	5	12	3495870	3495877	381	15.9	+
sRNA-MIMAT0000177	NC_000913.3	90.909	11	1	0	9	19	3504538	3504548	381	15.9	+
sRNA-MIMAT0000177	NC_000913.3	100.000	8	0	0	4	11	3512022	3512029	381	15.9	-
sRNA-MIMAT0000177	NC_000913.3	100.000	8	0	0	4	11	3512159	3512166	381	15.9	-
sRNA-MIMAT0000177	NC_000913.3	100.000	8	0	0	2	9	3532319	3532326	381	15.9	-
sRNA-MIMAT0000177	NC_000913.3	100.000	8	0	0	1	8	3540437	3540444	381	15.9	-
sRNA-MIMAT0000177	NC_000913.3	90.909	11	1	0	2	12	3542077	3542087	381	15.9	-
sRNA-MIMAT0000177	NC_000913.3	100.000	8	0	0	4	11	3542210	3542217	381	15.9	-
sRNA-MIMAT0000177	NC_000913.3	100.000	8	0	0	3	10	3550899	3550906	381	15.9	+
sRNA-MIMAT0000177	NC_000913.3	100.000	8	0	0	5	12	3553690	3553697	381	15.9	+
sRNA-MIMAT0000177	NC_000913.3	90.909	11	1	0	7	17	3556487	3556497	381	15.9	-
sRNA-MIMAT0000177	NC_000913.3	100.000	8	0	0	6	13	3563183	3563190	381	15.9	+
sRNA-MIMAT0000177	NC_000913.3	100.000	8	0	0	1	8	3564957	3564964	381	15.9	+
sRNA-MIMAT0000177	NC_000913.3	100.000	8	0	0	5	12	3568809	3568816	381	15.9	-
sRNA-MIMAT0000177	NC_000913.3	100.000	8	0	0	3	10	3574592	3574599	381	15.9	-
sRNA-MIMAT0000177	NC_000913.3	100.000	8	0	0	5	12	3578309	3578316	381	15.9	-
sRNA-MIMAT0000177	NC_000913.3	100.000	8	0	0	5	12	3579498	3579505	381	15.9	-
sRNA-MIMAT0000177	NC_000913.3	100.000	8	0	0	6	13	3582439	3582446	381	15.9	+
sRNA-MIMAT0000177	NC_000913.3	100.000	8	0	0	1	8	3583136	3583143	381	15.9	-
sRNA-MIMAT0000177	NC_000913.3	100.000	8	0	0	8	15	3584005	3584012	381	15.9	+
sRNA-MIMAT0000177	NC_000913.3	100.000	8	0	0	5	12	3607230	3607237	381	15.9	+
sRNA-MIMAT0000177	NC_000913.3	90.909	11	1	0	2	12	3612454	3612464	381	15.9	+
sRNA-MIMAT0000177	NC_000913.3	90.909	11	1	0	3	13	3617286	3617296	381	15.9	-
sRNA-MIMAT0000177	NC_000913.3	100.000	8	0	0	5	12	3646394	3646401	381	15.9	+
sRNA-MIMAT0000177	NC_000913.3	100.000	8	0	0	6	13	3647181	3647188	381	15.9	+
sRNA-MIMAT0000177	NC_000913.3	85.714	14	2	0	7	20	3648388	3648401	381	15.9	-
sRNA-MIMAT0000177	NC_000913.3	100.000	8	0	0	1	8	3656150	3656157	381	15.9	+
sRNA-MIMAT0000177	NC_000913.3	100.000	8	0	0	2	9	3657998	3658005	381	15.9	-
sRNA-MIMAT0000177	NC_000913.3	100.000	8	0	0	7	14	3658483	3658490	381	15.9	-
sRNA-MIMAT0000177	NC_000913.3	100.000	8	0	0	5	12	3666992	3666999	381	15.9	-
sRNA-MIMAT0000177	NC_000913.3	100.000	8	0	0	4	11	3669397	3669404	381	15.9	+
sRNA-MIMAT0000177	NC_000913.3	100.000	8	0	0	9	16	3682133	3682140	381	15.9	+
sRNA-MIMAT0000177	NC_000913.3	100.000	8	0	0	2	9	3685917	3685924	381	15.9	+
sRNA-MIMAT0000177	NC_000913.3	91.667	12	0	1	7	17	3713201	3713212	381	15.9	+
sRNA-MIMAT0000177	NC_000913.3	100.000	8	0	0	3	10	3725905	3725912	381	15.9	+
sRNA-MIMAT0000177	NC_000913.3	100.000	8	0	0	5	12	3729640	3729647	381	15.9	-
sRNA-MIMAT0000177	NC_000913.3	100.000	8	0	0	3	10	3733362	3733369	381	15.9	-
sRNA-MIMAT0000177	NC_000913.3	100.000	8	0	0	8	15	3733637	3733644	381	15.9	+
sRNA-MIMAT0000177	NC_000913.3	100.000	8	0	0	8	15	3734126	3734133	381	15.9	-
sRNA-MIMAT0000177	NC_000913.3	85.714	14	2	0	6	19	3735792	3735805	381	15.9	+
sRNA-MIMAT0000177	NC_000913.3	100.000	8	0	0	11	18	3747040	3747047	381	15.9	+
sRNA-MIMAT0000177	NC_000913.3	100.000	8	0	0	8	15	3752668	3752675	381	15.9	+
sRNA-MIMAT0000177	NC_000913.3	90.909	11	1	0	5	15	3753868	3753878	381	15.9	-
sRNA-MIMAT0000177	NC_000913.3	100.000	8	0	0	6	13	3754659	3754666	381	15.9	-
sRNA-MIMAT0000177	NC_000913.3	90.909	11	1	0	3	13	3768607	3768617	381	15.9	+
sRNA-MIMAT0000177	NC_000913.3	100.000	8	0	0	9	16	3771794	3771801	381	15.9	+
sRNA-MIMAT0000177	NC_000913.3	100.000	8	0	0	5	12	3772928	3772935	381	15.9	+
sRNA-MIMAT0000177	NC_000913.3	100.000	8	0	0	5	12	3780162	3780169	381	15.9	+
sRNA-MIMAT0000177	NC_000913.3	100.000	8	0	0	3	10	3788069	3788076	381	15.9	-
sRNA-MIMAT0000177	NC_000913.3	100.000	8	0	0	4	11	3793205	3793212	381	15.9	-
sRNA-MIMAT0000177	NC_000913.3	100.000	8	0	0	8	15	3793904	3793911	381	15.9	+
sRNA-MIMAT0000177	NC_000913.3	90.909	11	1	0	7	17	3794588	3794598	381	15.9	+
sRNA-MIMAT0000177	NC_000913.3	100.000	8	0	0	5	12	3794682	3794689	381	15.9	-
sRNA-MIMAT0000177	NC_000913.3	100.000	8	0	0	4	11	3812622	3812629	381	15.9	-
sRNA-MIMAT0000177	NC_000913.3	100.000	8	0	0	13	20	3813885	3813892	381	15.9	-
sRNA-MIMAT0000177	NC_000913.3	100.000	8	0	0	5	12	3822621	3822628	381	15.9	+
sRNA-MIMAT0000177	NC_000913.3	100.000	8	0	0	5	12	3826685	3826692	381	15.9	+
sRNA-MIMAT0000177	NC_000913.3	100.000	8	0	0	5	12	3832461	3832468	381	15.9	+
sRNA-MIMAT0000177	NC_000913.3	100.000	8	0	0	3	10	3836357	3836364	381	15.9	-
sRNA-MIMAT0000177	NC_000913.3	90.909	11	1	0	1	11	3845341	3845351	381	15.9	+
sRNA-MIMAT0000177	NC_000913.3	100.000	8	0	0	4	11	3862998	3863005	381	15.9	-
sRNA-MIMAT0000177	NC_000913.3	90.909	11	1	0	3	13	3868096	3868106	381	15.9	-
sRNA-MIMAT0000177	NC_000913.3	100.000	8	0	0	10	17	3877054	3877061	381	15.9	-
sRNA-MIMAT0000177	NC_000913.3	100.000	8	0	0	5	12	3881271	3881278	381	15.9	-
sRNA-MIMAT0000177	NC_000913.3	90.909	11	1	0	5	15	3881898	3881908	381	15.9	-
sRNA-MIMAT0000177	NC_000913.3	100.000	8	0	0	8	15	3899956	3899963	381	15.9	-
sRNA-MIMAT0000177	NC_000913.3	85.714	14	2	0	5	18	3912824	3912837	381	15.9	-
sRNA-MIMAT0000177	NC_000913.3	100.000	8	0	0	5	12	3917144	3917151	381	15.9	-
sRNA-MIMAT0000177	NC_000913.3	100.000	8	0	0	7	14	3921461	3921468	381	15.9	-
sRNA-MIMAT0000177	NC_000913.3	90.909	11	1	0	8	18	3930805	3930815	381	15.9	-
sRNA-MIMAT0000177	NC_000913.3	100.000	8	0	0	6	13	3931700	3931707	381	15.9	+
sRNA-MIMAT0000177	NC_000913.3	100.000	8	0	0	5	12	3937354	3937361	381	15.9	-
sRNA-MIMAT0000177	NC_000913.3	100.000	8	0	0	9	16	3942257	3942264	381	15.9	+
sRNA-MIMAT0000177	NC_000913.3	90.909	11	1	0	10	20	3947429	3947439	381	15.9	-
sRNA-MIMAT0000177	NC_000913.3	100.000	8	0	0	7	14	3947445	3947452	381	15.9	+
sRNA-MIMAT0000177	NC_000913.3	100.000	8	0	0	6	13	3948207	3948214	381	15.9	-
sRNA-MIMAT0000177	NC_000913.3	100.000	8	0	0	5	12	3955097	3955104	381	15.9	+
sRNA-MIMAT0000177	NC_000913.3	100.000	8	0	0	5	12	3961048	3961055	381	15.9	+
sRNA-MIMAT0000177	NC_000913.3	90.909	11	1	0	3	13	3971607	3971617	381	15.9	-
sRNA-MIMAT0000177	NC_000913.3	100.000	8	0	0	5	12	3974297	3974304	381	15.9	+
sRNA-MIMAT0000177	NC_000913.3	100.000	8	0	0	5	12	3975478	3975485	381	15.9	+
sRNA-MIMAT0000177	NC_000913.3	100.000	8	0	0	4	11	3977780	3977787	381	15.9	-
sRNA-MIMAT0000177	NC_000913.3	100.000	8	0	0	8	15	3978064	3978071	381	15.9	+
sRNA-MIMAT0000177	NC_000913.3	100.000	8	0	0	9	16	3982864	3982871	381	15.9	-
sRNA-MIMAT0000177	NC_000913.3	100.000	8	0	0	6	13	3982927	3982934	381	15.9	+
sRNA-MIMAT0000177	NC_000913.3	100.000	8	0	0	4	11	3986163	3986170	381	15.9	-
sRNA-MIMAT0000177	NC_000913.3	100.000	8	0	0	5	12	3992097	3992104	381	15.9	+
sRNA-MIMAT0000177	NC_000913.3	100.000	8	0	0	3	10	3996848	3996855	381	15.9	+
sRNA-MIMAT0000177	NC_000913.3	100.000	8	0	0	8	15	4000693	4000700	381	15.9	-
sRNA-MIMAT0000177	NC_000913.3	100.000	8	0	0	3	10	4001507	4001514	381	15.9	+
sRNA-MIMAT0000177	NC_000913.3	100.000	8	0	0	3	10	4008312	4008319	381	15.9	+
sRNA-MIMAT0000177	NC_000913.3	90.909	11	1	0	3	13	4008527	4008537	381	15.9	-
sRNA-MIMAT0000177	NC_000913.3	100.000	8	0	0	1	8	4015315	4015322	381	15.9	-
sRNA-MIMAT0000177	NC_000913.3	100.000	8	0	0	8	15	4016059	4016066	381	15.9	+
sRNA-MIMAT0000177	NC_000913.3	100.000	8	0	0	5	12	4020549	4020556	381	15.9	+
sRNA-MIMAT0000177	NC_000913.3	85.714	14	2	0	2	15	4020930	4020943	381	15.9	+
sRNA-MIMAT0000177	NC_000913.3	100.000	8	0	0	5	12	4030287	4030294	381	15.9	-
sRNA-MIMAT0000177	NC_000913.3	100.000	8	0	0	5	12	4033094	4033101	381	15.9	+
sRNA-MIMAT0000177	NC_000913.3	100.000	8	0	0	10	17	4033399	4033406	381	15.9	-
sRNA-MIMAT0000177	NC_000913.3	100.000	8	0	0	9	16	4035980	4035987	381	15.9	+
sRNA-MIMAT0000177	NC_000913.3	100.000	8	0	0	5	12	4041789	4041796	381	15.9	-
sRNA-MIMAT0000177	NC_000913.3	100.000	8	0	0	6	13	4044757	4044764	381	15.9	+
sRNA-MIMAT0000177	NC_000913.3	100.000	8	0	0	6	13	4046356	4046363	381	15.9	+
sRNA-MIMAT0000177	NC_000913.3	100.000	8	0	0	3	10	4060458	4060465	381	15.9	-
sRNA-MIMAT0000177	NC_000913.3	100.000	8	0	0	1	8	4060616	4060623	381	15.9	-
sRNA-MIMAT0000177	NC_000913.3	100.000	8	0	0	10	17	4063692	4063699	381	15.9	+
sRNA-MIMAT0000177	NC_000913.3	100.000	8	0	0	6	13	4064069	4064076	381	15.9	-
sRNA-MIMAT0000177	NC_000913.3	100.000	8	0	0	3	10	4095504	4095511	381	15.9	-
sRNA-MIMAT0000177	NC_000913.3	90.909	11	1	0	7	17	4100446	4100456	381	15.9	+
sRNA-MIMAT0000177	NC_000913.3	85.714	14	2	0	5	18	4103859	4103872	381	15.9	-
sRNA-MIMAT0000177	NC_000913.3	100.000	8	0	0	9	16	4115625	4115632	381	15.9	+
sRNA-MIMAT0000177	NC_000913.3	100.000	8	0	0	10	17	4117549	4117556	381	15.9	+
sRNA-MIMAT0000177	NC_000913.3	100.000	8	0	0	10	17	4119481	4119488	381	15.9	-
sRNA-MIMAT0000177	NC_000913.3	100.000	8	0	0	5	12	4121066	4121073	381	15.9	-
sRNA-MIMAT0000177	NC_000913.3	100.000	8	0	0	5	12	4134701	4134708	381	15.9	+
sRNA-MIMAT0000177	NC_000913.3	90.909	11	1	0	1	11	4136816	4136826	381	15.9	+
sRNA-MIMAT0000177	NC_000913.3	90.909	11	1	0	7	17	4136925	4136935	381	15.9	+
sRNA-MIMAT0000177	NC_000913.3	90.909	11	1	0	5	15	4138327	4138337	381	15.9	-
sRNA-MIMAT0000177	NC_000913.3	100.000	8	0	0	3	10	4138897	4138904	381	15.9	+
sRNA-MIMAT0000177	NC_000913.3	100.000	8	0	0	1	8	4143588	4143595	381	15.9	+
sRNA-MIMAT0000177	NC_000913.3	100.000	8	0	0	6	13	4154786	4154793	381	15.9	+
sRNA-MIMAT0000177	NC_000913.3	100.000	8	0	0	5	12	4159758	4159765	381	15.9	-
sRNA-MIMAT0000177	NC_000913.3	90.909	11	1	0	1	11	4160585	4160595	381	15.9	+
sRNA-MIMAT0000177	NC_000913.3	90.909	11	1	0	5	15	4163301	4163311	381	15.9	+
sRNA-MIMAT0000177	NC_000913.3	100.000	8	0	0	9	16	4167108	4167115	381	15.9	+
sRNA-MIMAT0000177	NC_000913.3	100.000	8	0	0	7	14	4174427	4174434	381	15.9	-
sRNA-MIMAT0000177	NC_000913.3	100.000	8	0	0	10	17	4175493	4175500	381	15.9	+
sRNA-MIMAT0000177	NC_000913.3	85.714	14	2	0	3	16	4181323	4181336	381	15.9	-
sRNA-MIMAT0000177	NC_000913.3	100.000	8	0	0	9	16	4196974	4196981	381	15.9	+
sRNA-MIMAT0000177	NC_000913.3	100.000	8	0	0	5	12	4204237	4204244	381	15.9	+
sRNA-MIMAT0000177	NC_000913.3	100.000	8	0	0	9	16	4208596	4208603	381	15.9	+
sRNA-MIMAT0000177	NC_000913.3	100.000	8	0	0	8	15	4213221	4213228	381	15.9	+
sRNA-MIMAT0000177	NC_000913.3	100.000	8	0	0	5	12	4217633	4217640	381	15.9	+
sRNA-MIMAT0000177	NC_000913.3	100.000	8	0	0	1	8	4220527	4220534	381	15.9	-
sRNA-MIMAT0000177	NC_000913.3	100.000	8	0	0	5	12	4225894	4225901	381	15.9	+
sRNA-MIMAT0000177	NC_000913.3	90.909	11	1	0	3	13	4229047	4229057	381	15.9	+
sRNA-MIMAT0000177	NC_000913.3	100.000	8	0	0	8	15	4235891	4235898	381	15.9	+
sRNA-MIMAT0000177	NC_000913.3	100.000	8	0	0	8	15	4236202	4236209	381	15.9	+
sRNA-MIMAT0000177	NC_000913.3	100.000	8	0	0	5	12	4236564	4236571	381	15.9	+
sRNA-MIMAT0000177	NC_000913.3	100.000	8	0	0	1	8	4251026	4251033	381	15.9	+
sRNA-MIMAT0000177	NC_000913.3	100.000	8	0	0	6	13	4257394	4257401	381	15.9	+
sRNA-MIMAT0000177	NC_000913.3	100.000	8	0	0	6	13	4259330	4259337	381	15.9	+
sRNA-MIMAT0000177	NC_000913.3	100.000	8	0	0	5	12	4259589	4259596	381	15.9	-
sRNA-MIMAT0000177	NC_000913.3	100.000	8	0	0	7	14	4264329	4264336	381	15.9	-
sRNA-MIMAT0000177	NC_000913.3	100.000	8	0	0	5	12	4272074	4272081	381	15.9	-
sRNA-MIMAT0000177	NC_000913.3	100.000	8	0	0	3	10	4277340	4277347	381	15.9	-
sRNA-MIMAT0000177	NC_000913.3	100.000	8	0	0	10	17	4285256	4285263	381	15.9	-
sRNA-MIMAT0000177	NC_000913.3	100.000	8	0	0	4	11	4302437	4302444	381	15.9	-
sRNA-MIMAT0000177	NC_000913.3	100.000	8	0	0	6	13	4304457	4304464	381	15.9	+
sRNA-MIMAT0000177	NC_000913.3	100.000	8	0	0	4	11	4311121	4311128	381	15.9	+
sRNA-MIMAT0000177	NC_000913.3	90.909	11	1	0	2	12	4313007	4313017	381	15.9	+
sRNA-MIMAT0000177	NC_000913.3	90.909	11	1	0	10	20	4326525	4326535	381	15.9	-
sRNA-MIMAT0000177	NC_000913.3	100.000	8	0	0	12	19	4329690	4329697	381	15.9	-
sRNA-MIMAT0000177	NC_000913.3	100.000	8	0	0	8	15	4338301	4338308	381	15.9	-
sRNA-MIMAT0000177	NC_000913.3	85.714	14	2	0	4	17	4338344	4338357	381	15.9	+
sRNA-MIMAT0000177	NC_000913.3	100.000	8	0	0	1	8	4344858	4344865	381	15.9	+
sRNA-MIMAT0000177	NC_000913.3	100.000	8	0	0	3	10	4349520	4349527	381	15.9	-
sRNA-MIMAT0000177	NC_000913.3	100.000	8	0	0	14	21	4356029	4356036	381	15.9	-
sRNA-MIMAT0000177	NC_000913.3	100.000	8	0	0	3	10	4361347	4361354	381	15.9	+
sRNA-MIMAT0000177	NC_000913.3	100.000	8	0	0	4	11	4362591	4362598	381	15.9	-
sRNA-MIMAT0000177	NC_000913.3	100.000	8	0	0	7	14	4370580	4370587	381	15.9	+
sRNA-MIMAT0000177	NC_000913.3	100.000	8	0	0	5	12	4372080	4372087	381	15.9	+
sRNA-MIMAT0000177	NC_000913.3	100.000	8	0	0	8	15	4377449	4377456	381	15.9	-
sRNA-MIMAT0000177	NC_000913.3	100.000	8	0	0	1	8	4379347	4379354	381	15.9	+
sRNA-MIMAT0000177	NC_000913.3	100.000	8	0	0	1	8	4379353	4379360	381	15.9	+
sRNA-MIMAT0000177	NC_000913.3	90.909	11	1	0	9	19	4382161	4382171	381	15.9	-
sRNA-MIMAT0000177	NC_000913.3	100.000	8	0	0	5	12	4383491	4383498	381	15.9	+
sRNA-MIMAT0000177	NC_000913.3	100.000	8	0	0	1	8	4383902	4383909	381	15.9	+
sRNA-MIMAT0000177	NC_000913.3	100.000	8	0	0	7	14	4393381	4393388	381	15.9	-
sRNA-MIMAT0000177	NC_000913.3	100.000	8	0	0	6	13	4406789	4406796	381	15.9	+
sRNA-MIMAT0000177	NC_000913.3	90.909	11	1	0	4	14	4406952	4406962	381	15.9	+
sRNA-MIMAT0000177	NC_000913.3	90.909	11	1	0	8	18	4411604	4411614	381	15.9	+
sRNA-MIMAT0000177	NC_000913.3	100.000	8	0	0	5	12	4413159	4413166	381	15.9	+
sRNA-MIMAT0000177	NC_000913.3	100.000	8	0	0	7	14	4415317	4415324	381	15.9	+
sRNA-MIMAT0000177	NC_000913.3	90.909	11	1	0	1	11	4427157	4427167	381	15.9	-
sRNA-MIMAT0000177	NC_000913.3	100.000	8	0	0	3	10	4434437	4434444	381	15.9	+
sRNA-MIMAT0000177	NC_000913.3	90.909	11	1	0	5	15	4439013	4439023	381	15.9	-
sRNA-MIMAT0000177	NC_000913.3	100.000	8	0	0	8	15	4445295	4445302	381	15.9	+
sRNA-MIMAT0000177	NC_000913.3	90.909	11	1	0	8	18	4447324	4447334	381	15.9	+
sRNA-MIMAT0000177	NC_000913.3	86.667	15	1	1	8	21	4469726	4469740	381	15.9	+
sRNA-MIMAT0000177	NC_000913.3	100.000	8	0	0	8	15	4475886	4475893	381	15.9	+
sRNA-MIMAT0000177	NC_000913.3	100.000	8	0	0	9	16	4477645	4477652	381	15.9	-
sRNA-MIMAT0000177	NC_000913.3	100.000	8	0	0	9	16	4486364	4486371	381	15.9	-
sRNA-MIMAT0000177	NC_000913.3	100.000	8	0	0	10	17	4488416	4488423	381	15.9	+
sRNA-MIMAT0000177	NC_000913.3	100.000	8	0	0	5	12	4491164	4491171	381	15.9	-
sRNA-MIMAT0000177	NC_000913.3	100.000	8	0	0	8	15	4493446	4493453	381	15.9	+
sRNA-MIMAT0000177	NC_000913.3	100.000	8	0	0	3	10	4493477	4493484	381	15.9	+
sRNA-MIMAT0000177	NC_000913.3	100.000	8	0	0	4	11	4499699	4499706	381	15.9	+
sRNA-MIMAT0000177	NC_000913.3	100.000	8	0	0	10	17	4502719	4502726	381	15.9	-
sRNA-MIMAT0000177	NC_000913.3	100.000	8	0	0	9	16	4503729	4503736	381	15.9	+
sRNA-MIMAT0000177	NC_000913.3	100.000	8	0	0	1	8	4504997	4505004	381	15.9	+
sRNA-MIMAT0000177	NC_000913.3	85.714	14	2	0	2	15	4506511	4506524	381	15.9	-
sRNA-MIMAT0000177	NC_000913.3	100.000	8	0	0	9	16	4506787	4506794	381	15.9	-
sRNA-MIMAT0000177	NC_000913.3	100.000	8	0	0	4	11	4507423	4507430	381	15.9	+
sRNA-MIMAT0000177	NC_000913.3	100.000	8	0	0	12	19	4511525	4511532	381	15.9	+
sRNA-MIMAT0000177	NC_000913.3	100.000	8	0	0	8	15	4519049	4519056	381	15.9	+
sRNA-MIMAT0000177	NC_000913.3	90.909	11	1	0	5	15	4519469	4519479	381	15.9	-
sRNA-MIMAT0000177	NC_000913.3	100.000	8	0	0	1	8	4527072	4527079	381	15.9	+
sRNA-MIMAT0000177	NC_000913.3	100.000	8	0	0	8	15	4529638	4529645	381	15.9	-
sRNA-MIMAT0000177	NC_000913.3	100.000	8	0	0	3	10	4531233	4531240	381	15.9	-
sRNA-MIMAT0000177	NC_000913.3	90.909	11	1	0	4	14	4537272	4537282	381	15.9	+
sRNA-MIMAT0000177	NC_000913.3	100.000	8	0	0	3	10	4539764	4539771	381	15.9	-
sRNA-MIMAT0000177	NC_000913.3	100.000	8	0	0	5	12	4553683	4553690	381	15.9	+
sRNA-MIMAT0000177	NC_000913.3	100.000	8	0	0	2	9	4555106	4555113	381	15.9	-
sRNA-MIMAT0000177	NC_000913.3	100.000	8	0	0	7	14	4563136	4563143	381	15.9	-
sRNA-MIMAT0000177	NC_000913.3	90.909	11	1	0	5	15	4565064	4565074	381	15.9	-
sRNA-MIMAT0000177	NC_000913.3	100.000	8	0	0	8	15	4573723	4573730	381	15.9	+
sRNA-MIMAT0000177	NC_000913.3	100.000	8	0	0	6	13	4582342	4582349	381	15.9	-
sRNA-MIMAT0000177	NC_000913.3	90.909	11	1	0	3	13	4588069	4588079	381	15.9	-
sRNA-MIMAT0000177	NC_000913.3	100.000	8	0	0	5	12	4592916	4592923	381	15.9	+
sRNA-MIMAT0000177	NC_000913.3	100.000	8	0	0	9	16	4601548	4601555	381	15.9	+
sRNA-MIMAT0000177	NC_000913.3	100.000	8	0	0	7	14	4611721	4611728	381	15.9	+
sRNA-MIMAT0000177	NC_000913.3	90.909	11	1	0	3	13	4630903	4630913	381	15.9	+
sRNA-MIMAT0000177	NC_000913.3	100.000	8	0	0	5	12	4633517	4633524	381	15.9	-
sRNA-MIMAT0000177	NC_000913.3	90.909	11	1	0	1	11	4636415	4636425	381	15.9	+
